ID,NM,PCI,AADT,R,IRI,PCI_scaled,AADT_scaled,R_scaled,IRI_scaled
361555,0,87.09,4424.0,14.78,0.86,1.1254779331221652,-0.5151172871668013,-0.6264074546661247,0.041470998129241224
543474,1,32.71,19283.0,19.24,0.92,-0.7642422814459022,0.5605754898080244,0.9159863601456915,0.29485672336015584
680773,1,27.42,3442.0,19.69,0.79,-0.9480712614949106,-0.5862075561613015,1.0716090544652703,-0.25414568130682536
573017,0,53.42,1697.0,12.94,0.73,-0.044563987151958265,-0.7125339506576385,-1.2627313603283987,-0.50753140653774
196055,0,78.49,1906.0,13.74,1.13,0.826625526993342,-0.6974037406577906,-0.9860687926491489,1.1817067616683556
24032,1,37.95,5084.0,17.92,1.06,-0.5821508153860149,-0.46733767664096604,0.4594931234749307,0.8860900822322896
295127,0,54.86,12722.0,15.28,0.98,0.005476415734728249,0.0856027251716538,-0.45349334986659373,0.54824244859107
152532,0,87.14,7549.0,14.88,0.6,1.127215447111286,-0.2888880706618998,-0.5918246337062181,-1.0565338112047213
805698,1,20.52,1981.0,18.68,1.03,-1.1878481919936175,-0.691974239461673,0.7223225627702171,0.7593972196168323
532179,1,32.58,11485.0,17.87,0.94,-0.768759817817617,-0.00394784788964637,0.4422017129949774,0.37931863177046027
162493,1,16.65,2871.0,19.29,1.07,-1.3223317747515875,-0.627544158601077,0.9332777706256448,0.928321036437442
45573,0,91.99,4786.0,14.45,0.48,1.2957543040560289,-0.48891089472687344,-0.7405307638338152,-1.56330526166655
195949,0,85.06,2219.0,13.51,0.8,1.05493486516385,-0.6747446223326596,-1.0656092808569333,-0.21191472710167295
812861,1,42.89,38137.0,18.04,1.32,-0.410484433260854,1.9254796971627162,0.5009925086268173,1.984094891566252
968765,1,4.15,78486.0,18.58,0.49,-1.756710272031853,4.846478947324721,0.6877397418103105,-1.5210743074613975
925933,1,45.01,17639.0,19.08,0.76,-0.33681384012212107,0.4415608235891259,0.8606538466098415,-0.38083854392228267
1015055,0,62.55,16719.0,16.7,0.97,0.2727060672615475,0.3749589422500829,0.03758270776407426,0.5060114943859175
833245,1,44.33,20127.0,19.34,1.0,-0.3604440303741675,0.6216754766016682,0.9505691811055981,0.632704357001375
214766,1,32.45,6908.0,18.38,1.4,-0.7732773541893316,-0.33529220755138517,0.6185740998904983,2.3219425252074704
174578,1,37.14,2504.0,19.39,1.15,-0.6102985420097762,-0.6541125177874126,0.9678605915855515,1.2661686700786605
589342,1,37.84,15505.0,18.99,0.82,-0.5859733461620812,0.28707341622225885,0.8295293077459259,-0.1274528186913685
29676,0,100.0,37355.0,12.49,0.65,1.574104045113223,1.8688680980245296,-1.4183540546479765,-0.845379040178959
393870,1,41.53,1991.0,18.78,0.86,-0.45774481376494686,-0.6912503059688573,0.7569053837301238,0.041470998129241224
335029,0,87.95,1729.0,11.44,0.54,1.1553631737350474,-0.7102173634806282,-1.7814736747269917,-1.3099195364356353
872039,1,15.44,12525.0,19.88,1.13,-1.3643796132883173,0.07134123536318482,1.1373164142890912,1.1817067616683556
429795,1,9.18,3365.0,18.78,0.91,-1.5819163647262742,-0.5917818440559822,0.7569053837301238,0.2526257691550034
920179,0,55.87,32515.0,16.49,0.91,0.040574198314973636,1.5184842875017384,-0.03504121625172905,0.2526257691550034
20057,0,74.78,13140.0,14.43,1.06,0.6977019890005595,0.11586314517134942,-0.7474473280257963,0.8860900822322896
193165,1,23.84,3733.0,20.27,0.98,-1.0724772631159787,-0.5651410915203651,1.2721894160327256,0.54824244859107
288921,0,61.1,347.0,15.17,0.77,0.22231816157703688,-0.8102649721877558,-0.4915344529224904,-0.33860758971713023
148295,0,100.0,1691.0,13.27,0.67,1.574104045113223,-0.7129683107533278,-1.1486080511607082,-0.7609171317686542
1041989,0,82.62,1899.0,14.73,0.57,0.9701441824947421,-0.6979104941027616,-0.6436988651460774,-1.1832266738201787
962316,0,91.82,2117.0,14.08,0.62,1.2898467564930172,-0.6821287439593797,-0.8684872013854679,-0.9720719027944164
663259,0,53.56,771.0,12.93,0.56,-0.03969894798241927,-0.7795701920923708,-1.2661896424243893,-1.2254576280253304
347744,1,35.3,5788.0,17.36,0.78,-0.6742390568094313,-0.41637275874674184,0.26582932609945525,-0.2963766355119778
322938,1,24.82,36802.0,19.05,0.68,-1.038421988929206,1.8288345758718223,0.8502790003218704,-0.7186861775635017
978790,0,77.07,1862.0,14.25,0.75,0.7772801297023039,-0.7005890480261796,-0.8096964057536273,-0.4230694981274351
147264,0,100.0,40536.0,16.92,0.68,1.574104045113223,2.0991513420891987,0.11366491387586873,-0.7186861775635017
107102,1,0.0,3437.0,17.73,0.92,-1.9009239331289012,-0.5865695229077094,0.3937857636511085,0.29485672336015584
627171,1,19.7,16012.0,18.86,0.95,-1.2163434214152025,0.323776844308014,0.7845716404980482,0.4215495859756127
540058,0,94.36,14133.0,13.49,0.41,1.3781124671403673,0.1877497410079469,-1.0725258450489144,-1.8589219411026168
897773,0,67.33,2249.0,16.05,0.3,0.4388124046215211,-0.6725728218542126,-0.18720562847531555,-2.3234624373592934
423256,0,43.8,13052.0,14.36,0.71,-0.3788616786588508,0.1094925304345714,-0.7716553026977307,-0.5919933149480449
1254,0,50.25,10844.0,14.4,0.95,-0.15472237406223366,-0.05035198477913175,-0.757822174313768,0.4215495859756127
332989,1,15.88,1988.0,18.92,0.94,-1.3490894901840518,-0.691467486016702,0.8053213330739927,0.37931863177046027
877775,1,27.55,17787.0,18.21,0.74,-0.9435537251231959,0.45227503928279805,0.5597833042586584,-0.46530045233258754
304249,0,33.23,12112.0,12.94,0.95,-0.7461721359590433,0.041442782109897054,-1.2627313603283987,0.4215495859756127
386409,0,72.05,13073.0,12.67,0.85,0.6028337251945494,0.11101279076948434,-1.3561049769201454,-0.0007599560759112111
394836,0,70.81,37293.0,14.46,0.82,0.5597433782643472,1.8643797103690725,-0.737072481737824,-0.1274528186913685
133421,0,85.21,7836.0,12.88,0.23,1.0601474071312127,-0.26811117941808965,-1.2834810529043421,-2.61907911679536
213907,0,61.03,6957.0,14.62,0.89,0.21988564199226737,-0.33174493343658834,-0.6817399682019747,0.16816386074469855
845599,0,69.93,2426.0,14.26,1.21,0.5291631320558167,-0.659759199031375,-0.8062381236576368,1.5195543953095751
144328,1,24.31,2146.0,18.42,1.07,-1.0561446316182408,-0.6800293368302142,0.6324072282744617,0.928321036437442
439431,1,27.21,2857.0,21.75,1.03,-0.9553688202492191,-0.628557665491019,1.7840151662393375,0.7593972196168323
573303,0,49.7,17878.0,13.22,0.89,-0.17383502794256525,0.4588628340674208,-1.165899461640661,0.16816386074469855
987289,1,51.68,5514.0,19.13,1.03,-0.1050294739733713,-0.4362085364498916,0.8779452570897948,0.7593972196168323
369511,0,82.75,870.0,12.49,1.13,0.9746617188664567,-0.7724032505134956,-1.4183540546479765,1.1817067616683556
744783,0,72.21,1992.0,12.25,0.46,0.6083937699597366,-0.6911779126195757,-1.5013528249517514,-1.6477671700768546
497983,0,69.96,903.0,11.62,1.0,0.5302056404492889,-0.7700142699872038,-1.7192245969991606,0.632704357001375
346425,0,49.27,26332.0,15.48,0.55,-0.18877764824900636,1.0708762088938004,-0.38432770794678095,-1.2676885822304829
665995,1,36.55,26454.0,19.18,0.82,-0.6308012070814047,1.0797081975061518,0.8952366675697482,-0.1274528186913685
417090,0,59.34,18933.0,11.02,0.67,0.16115766915997556,0.5352378175594755,-1.9267215227585979,-0.7609171317686542
450143,0,82.01,1312.0,13.65,0.46,0.9489465118274651,-0.7404053901310422,-1.0171933315130643,-1.6477671700768546
87426,0,86.06,20608.0,12.12,0.66,1.0896851449462712,0.6564966776061026,-1.5463104921996298,-0.8031480859738066
794650,1,32.28,1636.0,17.69,1.35,-0.7791849017523433,-0.7169499449638141,0.37995263526714634,2.1107877541817093
668085,0,92.63,1817.0,12.49,0.85,1.3179944831167785,-0.7038467487438502,-1.4183540546479765,-0.0007599560759112111
384275,0,77.57,7230.0,13.02,1.08,0.7946552695935145,-0.31198154908272013,-1.2350651035604738,0.9705519906425945
150527,1,62.09,11291.0,19.55,1.18,0.25672093856163397,-0.01799215765027065,1.0231931051214014,1.3928615326941178
564962,0,99.5,1483.0,16.31,0.74,1.5567289052220126,-0.728026127403894,-0.09729029397956011,-0.46530045233258754
421759,0,69.45,7773.0,12.63,0.61,0.5124829977602543,-0.2726719604228285,-1.3699381053041075,-1.014302856999569
585291,0,46.49,2388.0,13.89,0.71,-0.28538342604413747,-0.6625101463040746,-0.9341945612092895,-0.5919933149480449
860703,0,87.36,1462.0,14.34,0.55,1.1348605086634187,-0.729546387738807,-0.7785718668897118,-1.2676885822304829
717975,1,47.12,51497.0,18.38,0.95,-0.26349074978121223,2.8926548435644706,0.6185740998904983,0.4215495859756127
10721,1,46.42,25602.0,18.76,1.17,-0.28781594562890694,1.0180290639182554,0.7499888195381428,1.3506305784889654
193242,0,89.11,31537.0,12.75,0.86,1.1956734982826558,1.4476835919043642,-1.3284387201522203,0.041470998129241224
684462,1,7.97,4447.0,18.34,1.02,-1.623964203263004,-0.5134522401333251,0.6047409715065362,0.7171662654116798
906926,1,14.34,12039.0,19.08,0.69,-1.4026049210489804,0.036158067612342554,0.8606538466098415,-0.6764552233583497
428394,0,73.6,24832.0,13.93,1.02,0.6566966588573022,0.9622861849714478,-0.9203614328253273,0.7171662654116798
594162,1,53.51,4287.0,21.2,1.07,-0.04143646197154048,-0.5250351760183761,1.5938096509598532,0.928321036437442
726700,0,95.51,2412.0,12.37,0.42,1.418075288890152,-0.660772705921317,-1.4598534397998641,-1.8166909868974643
647800,0,70.74,2096.0,12.05,0.88,0.5573108586795774,-0.6836490042942927,-1.5705184668715635,0.1259329065395461
858848,1,19.51,15224.0,19.58,1.36,-1.2229459745738624,0.2667308850741381,1.0335679514093725,2.153018708386862
381346,0,89.53,411.0,9.63,0.32,1.2102686157912728,-0.8056317978337355,-2.4074227341012935,-2.2390005289489885
572058,1,43.02,7442.0,19.7,0.97,-0.4059668968891391,-0.29663415903502766,1.0750673365612602,0.5060114943859175
32622,0,59.16,25131.0,14.8,0.84,0.1549026187991395,0.9839317964066367,-0.6194908904741431,-0.04299091028106365
852739,0,85.03,30435.0,15.67,0.88,1.0538923567703773,1.367906120996076,-0.31862034812295936,0.1259329065395461
612757,1,26.78,4517.0,18.26,0.74,-0.9703114405556602,-0.5083847056836154,0.5770747147386117,-0.46530045233258754
924042,0,81.56,2618.0,12.72,0.59,0.9333088859253755,-0.6458596759693139,-1.3388135664401921,-1.0987647654098738
622955,1,47.62,20057.0,19.67,1.08,-0.2461156098900016,0.6166079421519585,1.0646924902732893,0.9705519906425945
522873,0,60.6,574.0,11.9,0.49,0.20494302168582626,-0.7938316819008397,-1.622392698311423,-1.5210743074613975
589715,1,12.03,31268.0,18.66,0.8,-1.4828780673463735,1.4282097809476224,0.7154059985782361,-0.21191472710167295
430753,0,92.17,-1096.0,14.21,0.65,1.302009354416865,-0.9147285752010591,-0.8235295341375896,-0.845379040178959
753165,0,81.04,26494.0,14.42,0.82,0.9152387404385166,1.0826039314774145,-0.7509056101217869,-0.1274528186913685
929015,0,75.62,26968.0,13.89,0.81,0.7268922240177934,1.116918379036878,-0.9341945612092895,-0.1696837728965205
442326,1,23.64,180.0,18.8,1.11,-1.0794273190724628,-0.8223546615177778,0.7638219479221049,1.0972448532580517
788593,0,94.87,5310.0,14.81,0.55,1.3958351098294024,-0.4509767797033316,-0.6160326083781524,-1.2676885822304829
334749,0,76.0,443.0,15.82,0.58,0.7400973303351134,-0.8033152106567253,-0.26674611668309994,-1.1409957196150262
756198,1,14.06,3660.0,17.56,0.7,-1.4123349993880583,-0.5704258060179196,0.33499496801926737,-0.6342242691531973
923875,0,83.98,11589.0,14.67,0.52,1.017404562998835,0.00358106043563675,-0.6644485577220214,-1.3943814448459402
469796,0,86.57,20699.0,18.02,0.51,1.1074077876353057,0.6630844723907254,0.4940759444348362,-1.4366123990510926
271579,0,91.88,17122.0,13.82,0.7,1.2919317732799624,0.404133462010555,-0.9584025358812239,-0.6342242691531973
817107,1,22.96,23320.0,17.98,1.01,-1.1030575093245094,0.8528274408577163,0.480242816050874,0.6749353112065274
121174,0,87.17,7213.0,13.59,0.51,1.1282579555047587,-0.3132122360205068,-1.0379430240890084,-1.4366123990510926
731756,0,72.2,8799.0,12.59,0.76,0.6080462671619127,-0.19839638405993926,-1.3837712336880703,-0.38083854392228267
730463,0,96.56,1088.0,15.16,0.33,1.4545630826616942,-0.7566215003701137,-0.4949927350184809,-2.1967695747438363
276577,1,58.39,11409.0,20.32,0.86,0.12814490336667528,-0.009449742435045573,1.289480826512679,0.041470998129241224
373897,1,9.41,5705.0,20.11,0.57,-1.5739238003763174,-0.42238140673711205,1.2168569024968756,-1.1832266738201787
30447,1,50.92,12788.0,19.06,0.71,-0.13143968660801136,0.09038068622423732,0.8537372824178604,-0.5919933149480449
390022,0,69.0,23920.0,14.71,0.36,0.49684537185816463,0.8962634504266573,-0.6506154293380586,-2.0700767121283787
767981,1,29.2,45874.0,19.39,1.18,-0.8862157634822009,2.485587040554211,0.9678605915855515,1.3928615326941178
33333,0,100.0,793.0,14.44,0.96,1.574104045113223,-0.7779775384081763,-0.7439890459298057,0.46378054018076514
718336,0,74.09,1821.0,15.43,1.01,0.673724295950689,-0.7035571753467239,-0.4016191184267343,0.6749353112065274
562374,0,79.42,1113.0,13.99,0.74,0.8589432871909941,-0.7548116666380744,-0.8996117402493834,-0.46530045233258754
264505,0,99.22,2016.0,14.16,0.59,1.5469988268829347,-0.689440472236818,-0.8408209446175429,-1.0987647654098738
313026,1,24.32,2863.0,18.63,0.87,-1.0557971288204164,-0.6281233053953296,0.7050311522902638,0.08370195233439366
579884,0,74.1,5284.0,12.12,0.56,0.6740717987485128,-0.45285900678465235,-1.5463104921996298,-1.2254576280253304
145631,0,57.19,20795.0,16.04,1.2,0.08644456762776968,0.670034233921756,-0.1906639105713067,1.4773234411044227
852433,1,45.83,1661.0,21.2,1.44,-0.3083186107005356,-0.7151401112317749,1.5938096509598532,2.49086634202808
1013237,1,15.95,1521.0,18.87,1.12,-1.3466569705992821,-0.7252751801311945,0.7880299225940394,1.139475807463204
485010,1,58.14,4347.0,19.08,0.66,0.11945733342106997,-0.520691575061482,0.8606538466098415,-0.8031480859738066
196114,1,17.15,41749.0,19.7,1.13,-1.304956634860377,2.1869644747677413,1.0750673365612602,1.1817067616683556
827241,0,70.83,50220.0,16.74,0.84,0.5604383838599954,2.8002085365319074,0.05141583614803645,-0.04299091028106365
304812,1,57.06,14085.0,19.22,0.57,0.08192703125605508,0.18427486024243162,0.9090697959537103,-1.1832266738201787
931631,1,21.67,1855.0,18.88,1.27,-1.1478853702438327,-0.7010958014711506,0.7914882046900293,1.7729401205404898
596707,0,72.36,16472.0,12.62,0.55,0.6136063119271,0.3570777849775355,-1.3733963874000987,-1.2676885822304829
747342,0,75.7,140.0,14.04,0.94,0.7296722464003871,-0.8252503954890406,-0.8823203297694306,0.37931863177046027
282988,0,77.99,4304.0,13.52,0.75,0.8092503871021315,-0.5238044890805894,-1.0621509987609428,-0.4230694981274351
538646,0,81.39,12510.0,11.53,0.24,0.9274013383623638,0.0702553351239613,-1.7503491358630763,-2.5768481625902075
933108,1,35.57,989.0,20.95,0.72,-0.6648564812681775,-0.7637884419489889,1.5073525985600877,-0.5497623607428924
450139,1,44.47,2624.0,20.01,0.84,-0.3555789912046285,-0.6454253158736245,1.1822740815369703,-0.04299091028106365
264279,1,30.67,11120.0,16.72,1.04,-0.8351328522020416,-0.030371420377418856,0.04449927195605535,0.8016281738219847
164166,1,36.43,11635.0,19.47,1.07,-0.6349712406552952,0.0069111545025888985,0.9955268483534758,0.928321036437442
794550,0,92.59,6452.0,13.94,0.7,1.316604471925482,-0.3683035748237804,-0.9169031507293368,-0.6342242691531973
763066,1,22.65,5962.0,17.92,0.9,-1.11383009605706,-0.40377631597174896,0.4594931234749307,0.210394814949851
916891,1,0.0,2287.0,18.12,1.32,-1.9009239331289012,-0.669821874581513,0.5286587653947429,1.984094891566252
599196,0,100.0,997.0,15.64,0.98,1.574104045113223,-0.7632092951547363,-0.328995194410931,0.54824244859107
780221,1,1.87,2018.0,19.2,1.06,-1.8359409099357735,-0.6892956855382549,0.9021532317617292,0.8860900822322896
204980,0,71.93,17685.0,13.34,0.65,0.5986636916206591,0.4448909176560781,-1.1244000764887738,-0.845379040178959
867307,1,49.29,5720.0,16.87,1.07,-0.18808264265335808,-0.4212955064978885,0.0963735033959154,0.928321036437442
845682,0,95.37,5197.0,14.43,0.36,1.413210249720613,-0.4591572281721488,-0.7474473280257963,-2.0700767121283787
525700,0,100.0,31527.0,16.07,0.86,1.574104045113223,1.4469596584115487,-0.18028906428333444,0.041470998129241224
686971,1,49.14,18172.0,20.02,0.85,-0.19329518462072123,0.4801464787562019,1.1857323636329602,-0.0007599560759112111
137345,1,30.34,2918.0,18.77,1.09,-0.8466004445302406,-0.6241416711848433,0.7534471016341326,1.0127829448477468
540664,0,90.1,26174.0,14.2,0.7,1.2300762752672527,1.0594380597073128,-0.8269878162335808,-0.6342242691531973
42778,0,100.0,18621.0,15.81,1.07,1.574104045113223,0.5126510925836262,-0.27020439877909047,0.928321036437442
783454,1,29.04,3265.0,20.13,1.04,-0.8917758082473882,-0.5990211789841391,1.223773466688857,0.8016281738219847
752377,1,48.35,5560.0,21.28,0.85,-0.22074790564883398,-0.4328784423829395,1.621475907727779,-0.0007599560759112111
629401,1,48.13,1644.0,20.0,0.77,-0.2283929672009666,-0.7163707981695615,1.1788157994409791,-0.33860758971713023
578613,0,89.29,36325.0,16.36,0.61,1.2019285486434919,1.794302948264514,-0.07999888349960677,-1.014302856999569
855250,0,76.93,21425.0,11.37,1.12,0.7724150905327654,0.7156420439691441,-1.8056816493989263,1.139475807463204
331137,0,59.5,42175.0,16.6,1.14,0.16671771392516282,2.2178040415616898,0.002999886804168801,1.223937715873508
928201,1,48.42,1682.0,19.1,0.63,-0.21831538606406448,-0.713619850896862,0.8675704108018237,-0.9298409485892639
179638,0,49.59,30929.0,14.72,1.0,-0.17765755871863156,1.4036684355411706,-0.647157147242068,0.632704357001375
1044875,1,32.18,4854.0,18.11,1.09,-0.7826599297305855,-0.4839881469757268,0.5252004832987517,1.0127829448477468
488203,1,13.52,2832.0,18.94,1.16,-1.431100150470566,-0.6303674992230582,0.8122378972659738,1.308399624283813
389314,0,84.24,26836.0,14.05,0.63,1.0264396357422643,1.107362456931711,-0.8788620476734396,-0.9298409485892639
731211,0,86.09,15153.0,14.06,0.58,1.0907276533397439,0.26159095727514675,-0.875403765577449,-1.1409957196150262
758114,1,57.38,2794.0,18.17,0.71,0.09304712078642989,-0.6331184464957579,0.5459501758746962,-0.5919933149480449
455827,1,53.13,1379.0,19.44,0.72,-0.054641568288860395,-0.7355550357291772,0.9851520020655048,-0.5497623607428924
584889,1,28.36,38456.0,20.48,0.77,-0.9154059984994347,1.9485731755835365,1.344813340048529,-0.33860758971713023
793411,0,92.98,20300.0,15.2,0.69,1.3301570810406262,0.6341995260273796,-0.48115960663451873,-0.6764552233583497
55108,0,78.1,2446.0,13.1,0.68,0.8130729178781978,-0.6583113320457437,-1.2073988467925487,-0.7186861775635017
340036,0,66.63,30754.0,14.64,0.89,0.41448720877382617,1.3909995994168962,-0.674823404009993,0.16816386074469855
480673,0,80.34,27025.0,13.64,0.8,0.8909135445908216,1.1210447999459274,-1.020651613609055,-0.21191472710167295
631487,1,38.76,27859.0,20.42,0.73,-0.5540030887622538,1.1814208532467556,1.3240636474725858,-0.50753140653774
192179,1,34.12,2649.0,17.87,0.93,-0.7152443869526884,-0.6436154821415853,0.4422017129949774,0.3370876775653083
373603,1,0.0,2200.0,19.64,0.99,-1.9009239331289012,-0.6761200959690095,1.054317643985317,0.5904734027962225
452412,1,23.2,3073.0,17.11,0.62,-1.0947174421767283,-0.6129207020462002,0.17937227369968972,-0.9720719027944164
844106,1,61.3,1173.0,19.52,1.43,0.22926821753352097,-0.7504680656811803,1.0128182588334291,2.448635387822928
897538,1,24.3,17374.0,19.37,0.77,-1.056492134416065,0.4223765860295103,0.9609440273935704,-0.33860758971713023
647804,1,45.87,32784.0,19.25,1.25,-0.3069285995092388,1.5379580984584802,0.9194446422416825,1.688478212130185
366617,1,0.0,164.0,19.24,0.84,-1.9009239331289012,-0.8235129551062829,0.9159863601456915,-0.04299091028106365
585517,0,98.24,9965.0,15.08,0.92,1.5129435526961617,-0.11398573879763042,-0.5226589917864058,0.29485672336015584
632517,0,53.55,662.0,13.86,0.71,-0.04004645078024366,-0.7874610671640617,-0.9445694074972617,-0.5919933149480449
742798,1,30.26,20735.0,19.79,1.15,-0.8493804669128343,0.6656906329648619,1.1061918754251758,1.2661686700786605
384901,1,18.67,22099.0,19.12,0.82,-1.2521362095910964,0.7644351613849212,0.8744869749938049,-0.1274528186913685
665111,1,20.73,13518.0,18.84,0.75,-1.1805506332393085,0.1432278311997823,0.7776550763060671,-0.4230694981274351
460539,0,100.0,22504.0,15.07,0.91,1.574104045113223,0.7937544678439564,-0.5261172738823965,0.2526257691550034
558546,0,79.23,36995.0,16.98,0.54,0.8523407340323341,1.842806492283165,0.13441460645181202,-1.3099195364356353
853536,0,68.54,10138.0,14.55,0.17,0.4808602431582511,-0.10146168937191909,-0.7059479428739085,-2.8724648420262744
7564,0,80.32,4039.0,14.92,0.74,0.8902185389951729,-0.5429887266402051,-0.5779915053222558,-0.46530045233258754
151315,1,11.15,16875.0,20.23,0.8,-1.5134583135549042,0.3862523047380076,1.2583562876487635,-0.21191472710167295
271411,1,54.07,9104.0,17.98,1.2,-0.021976305293384502,-0.17631641252906086,0.480242816050874,1.4773234411044227
1043122,0,85.69,2883.0,13.68,0.78,1.0768275414267752,-0.6266754384096982,-1.0068184852250928,-0.2963766355119778
412146,0,93.73,768.0,13.81,0.45,1.356219790877442,-0.7797873721402155,-0.9618608179772145,-1.689998124282007
111450,1,22.13,4002.0,17.3,1.12,-1.1319002415439192,-0.5456672805636231,0.24507963352351195,1.139475807463204
930121,1,17.44,21691.0,18.21,0.94,-1.2948790537234747,0.7348986748780413,0.5597833042586584,0.37931863177046027
35773,1,53.23,15385.0,18.98,0.66,-0.051166540310618465,0.2783862143084706,0.826071025649936,-0.8031480859738066
886591,1,6.83,1621.0,22.37,1.09,-1.663579522214964,-0.7180358452030376,1.9984286561907563,1.0127829448477468
568463,1,13.41,2544.0,17.58,0.64,-1.4349226812466325,-0.6512167838161499,0.3419115322112485,-0.8876099943841115
139131,0,86.58,2036.0,12.66,1.08,1.10775529043313,-0.6879926052511867,-1.359563259016136,0.9705519906425945
562617,0,83.29,4870.0,16.56,0.83,0.9934268699489645,-0.48282985338722173,-0.010833241579794612,-0.08522186448621609
384271,0,100.0,678.0,12.18,1.01,1.574104045113223,-0.7863027735755567,-1.5255607996236857,0.6749353112065274
796688,0,74.35,970.0,13.41,0.74,0.6827593686941181,-0.7651639155853387,-1.1001921018168395,-0.46530045233258754
404412,1,29.76,2833.0,17.66,0.75,-0.8667556068040448,-0.6302951058737767,0.3695777889791741,-0.4230694981274351
455859,0,67.91,9591.0,13.79,0.78,0.45896756689532536,-0.14106085142893704,-0.9687773821691962,-0.2963766355119778
616116,1,32.84,2393.0,18.62,0.85,-0.7597247450741874,-0.6621481795576668,0.7015728701942738,-0.0007599560759112111
110426,0,72.89,9718.0,16.76,0.48,0.6320239602117833,-0.13186689607017782,0.05833240034001877,-1.56330526166655
946341,1,25.6,4221.0,21.01,0.72,-1.0113167706989172,-0.5298131370709597,1.5281022911360322,-0.5497623607428924
768682,1,62.85,3939.0,18.83,1.17,0.283131151196274,-0.5502280615683619,0.7741967942100759,1.3506305784889654
439748,0,76.53,411.0,14.38,0.6,0.7585149786197967,-0.8056317978337355,-0.764738738505749,-1.0565338112047213
676378,1,37.74,2908.0,18.48,1.05,-0.5894483741403234,-0.6248656046776591,0.653156920850405,0.8438591280271371
869157,0,80.46,1849.0,14.0,0.72,0.8950835781647118,-0.70153016156684,-0.8961534581533929,-0.5497623607428924
19430,0,88.1,33000.0,13.52,0.71,1.1605757157024101,1.553595061903299,-1.0621509987609428,-0.5919933149480449
552409,1,46.04,15179.0,18.64,0.95,-0.30102105194622714,0.2634731843564675,0.708489434386255,0.4215495859756127
366384,0,60.62,41030.0,15.22,0.85,0.20563802728147454,2.1349136566342937,-0.474243042442537,-0.0007599560759112111
499011,0,80.57,23442.0,13.92,0.89,0.8989061089407782,0.8616594294700677,-0.9238197149213179,0.16816386074469855
1039540,0,85.07,11926.0,14.36,0.92,1.0552823679616739,0.02797761914352532,-0.7716553026977307,0.29485672336015584
627980,1,21.78,1981.0,19.63,0.88,-1.1440628394677663,-0.691974239461673,1.0508593618893258,0.1259329065395461
941862,0,87.43,11676.0,14.24,0.36,1.1372930282481883,0.009879281823133206,-0.813154687849618,-2.0700767121283787
799715,0,70.49,10088.0,13.07,0.78,0.5486232887339721,-0.10508135683599751,-1.2177736930805205,-0.2963766355119778
96957,1,27.1,14092.0,20.79,0.82,-0.9591913510252854,0.1847816136874026,1.4520200850242377,-0.1274528186913685
396268,0,58.59,2270.0,15.55,0.57,0.13509495932315962,-0.6710525615192997,-0.36011973327484653,-1.1832266738201787
28113,0,67.66,4214.0,13.63,0.77,0.45027999694972004,-0.5303198905159306,-1.0241098957050456,-0.33860758971713023
142571,0,70.99,3334.0,14.5,0.92,0.5659984286251828,-0.5940260378837109,-0.7232393533538619,0.29485672336015584
469373,1,44.83,3901.0,19.36,1.03,-0.34306889048295686,-0.5529790088410615,0.9574857452975792,0.7593972196168323
651431,0,75.6,22501.0,17.16,0.77,0.7261972184221447,0.7935372877961118,0.19666368417964308,-0.33860758971713023
104643,1,63.61,81917.0,21.26,1.22,0.30954136383091413,5.094860528709783,1.6145593435357977,1.5617853495147276
974426,1,30.41,8273.0,20.07,0.77,-0.8441679249454711,-0.23647528578204424,1.2030237741129135,-0.33860758971713023
73247,0,63.79,34808.0,13.71,0.9,0.3157964141917499,1.6844822374043746,-0.9964436389371205,0.210394814949851
621789,0,100.0,6222.0,15.67,0.85,1.574104045113223,-0.38495404515854115,-0.31862034812295936,-0.0007599560759112111
895981,1,0.0,4110.0,19.02,0.97,-1.9009239331289012,-0.5378487988412137,0.8399041540338982,0.5060114943859175
379504,0,63.15,7467.0,13.31,0.45,0.2935562351310003,-0.2948243253029884,-1.1347749227767454,-1.689998124282007
969124,0,57.93,2000.0,14.45,0.47,0.11215977466676147,-0.6905987658253232,-0.7405307638338152,-1.6055362158717024
186042,0,90.37,6046.0,13.68,0.79,1.2394588508085067,-0.3976952746320972,-1.0068184852250928,-0.25414568130682536
29400,0,78.76,24751.0,13.34,0.49,0.8360081025345961,0.9564223236796408,-1.1244000764887738,-1.5210743074613975
850142,0,91.45,25148.0,13.38,0.88,1.2769891529735216,0.9851624833444235,-1.110566948104811,0.1259329065395461
857422,0,82.48,10218.0,14.44,0.63,0.9652791433252031,-0.0956702214293936,-0.7439890459298057,-0.9298409485892639
613189,1,32.52,2752.0,19.85,0.86,-0.7708448346045622,-0.6361589671655837,1.1269415680011203,0.041470998129241224
309274,0,70.57,32885.0,13.76,0.74,0.5514033111165657,1.5452698267359186,-0.9791522284571679,-0.46530045233258754
770101,1,55.59,9318.0,18.38,1.15,0.030844119975895895,-0.16082423578280522,0.6185740998904983,1.2661686700786605
866437,1,47.23,2673.0,18.32,0.78,-0.2596682190051459,-0.6418780417588276,0.597824407314555,-0.2963766355119778
306707,0,59.25,25368.0,14.25,0.74,0.15803014397955753,1.0010890201863685,-0.8096964057536273,-0.46530045233258754
603795,0,82.84,1553.0,13.94,0.44,0.9777892440468747,-0.7229585929541843,-0.9169031507293368,-1.7322290784871595
162257,0,81.7,2177.0,16.14,1.04,0.9381739250949145,-0.6777851430024856,-0.15608108961140002,0.8016281738219847
395369,1,34.24,24665.0,17.54,1.07,-0.7110743533787977,0.9501964956414259,0.3280784038272863,0.928321036437442
323526,0,74.68,26448.0,13.89,0.72,0.6942269610223175,1.0792738374104625,-0.9341945612092895,-0.5497623607428924
840891,0,85.0,20984.0,15.66,0.86,1.0528498483769044,0.6837165769359724,-0.3220786302189499,0.041470998129241224
238345,0,100.0,8972.0,14.02,0.33,1.574104045113223,-0.1858723346342279,-0.8892368939614118,-2.1967695747438363
64248,1,49.66,59222.0,19.5,1.11,-0.1752250391338623,3.4518934667645866,1.005901694641448,1.0972448532580517
149705,0,59.44,27513.0,13.3,0.91,0.1646326971382175,1.1563727543953328,-1.138233204872736,0.2526257691550034
577634,1,18.15,2524.0,18.61,0.81,-1.2702063550779557,-0.6526646508017813,0.6981145880982828,-0.1696837728965205
217925,0,78.91,853.0,15.02,0.6,0.841220644501959,-0.7736339374512822,-0.5434086843623498,-1.0565338112047213
695818,0,69.01,2054.0,14.67,0.82,0.49719287465598905,-0.6866895249641185,-0.6644485577220214,-0.1274528186913685
895711,1,12.33,3665.0,19.36,0.69,-1.4724529834116473,-0.5700638392715117,0.9574857452975792,-0.6764552233583497
922232,1,26.01,20006.0,19.01,0.91,-0.9970691559881245,0.6129158813385984,0.8364458719379082,0.2526257691550034
914603,1,26.14,36939.0,20.74,1.08,-0.9925516196164098,1.838752464723397,1.4347286745442844,0.9705519906425945
696205,1,9.03,2413.0,19.98,1.04,-1.5871289066936372,-0.6607003125720354,1.171899235248998,0.8016281738219847
253009,1,19.18,71632.0,19.88,1.03,-1.2344135669020617,4.350294931348851,1.1373164142890912,0.7593972196168323
497642,0,74.04,8614.0,13.14,0.69,0.6719867819615679,-0.2117891536770294,-1.193565718408586,-0.6764552233583497
493034,0,55.32,6410.0,14.43,0.96,0.02146154443464205,-0.3713440954936063,-0.7474473280257963,0.46378054018076514
351538,0,81.55,2553.0,13.68,0.81,0.9329613831275512,-0.6505652436726158,-1.0068184852250928,-0.1696837728965205
500071,1,31.29,24106.0,20.46,0.86,-0.8135876787369405,0.9097286133930291,1.3378967758565479,0.041470998129241224
816304,1,31.46,2972.0,19.14,0.59,-0.8076801311739288,-0.6202324303236386,0.881403539185786,-1.0987647654098738
939280,0,55.97,20440.0,14.82,0.87,0.04404922629321581,0.6443345949267991,-0.6125743262821619,0.08370195233439366
409176,0,64.27,10130.0,14.94,0.63,0.332476548487312,-0.10204083616617163,-0.5710749411302748,-0.9298409485892639
446189,0,76.34,5367.0,15.3,0.72,0.7519124254611367,-0.4468503587942822,-0.446576785674612,-0.5497623607428924
798934,0,93.33,26604.0,15.72,0.41,1.3423196789644734,1.090567199898387,-0.301328937643006,-1.8589219411026168
50685,0,84.38,19872.0,14.47,1.08,1.031304674911803,0.6032151725348682,-0.7336141996418335,0.9705519906425945
283444,0,84.17,22373.0,14.58,0.98,1.024007116157495,0.784270939088071,-0.6955730965859369,0.54824244859107
381610,0,45.42,1943.0,12.07,0.64,-0.32256622541132823,-0.6947251867343726,-1.5636019026795824,-0.8876099943841115
227097,0,84.56,17999.0,14.07,0.84,1.0375597252726392,0.46762242933049053,-0.8719454834814584,-0.04299091028106365
669360,1,16.13,2431.0,19.25,0.75,-1.3404019202384467,-0.6593972322849672,0.9194446422416825,-0.4230694981274351
875655,0,92.91,1474.0,12.29,0.52,1.3277245614558564,-0.7286776675474282,-1.4875196965677893,-1.3943814448459402
1390,0,68.19,4137.0,11.83,0.82,0.4686976452344034,-0.5358941784106114,-1.6466006729833573,-0.1274528186913685
491079,1,28.43,12049.0,18.33,1.15,-0.9129734789146652,0.03688200110515824,0.601282689410545,1.2661686700786605
8814,0,49.9,2483.0,11.94,0.39,-0.16688497198608115,-0.6556327781223256,-1.6085595699274609,-1.9433838495129214
368845,0,58.9,6903.0,16.66,0.81,0.14586754605571003,-0.33565417429779304,0.023749579380112077,-0.1696837728965205
352899,0,100.0,2169.0,12.05,0.53,1.574104045113223,-0.6783642897967381,-1.5705184668715635,-1.3521504906407877
1039083,0,100.0,9126.0,13.76,0.48,1.574104045113223,-0.17472375884486635,-0.9791522284571679,-1.56330526166655
144368,0,95.77,6048.0,12.94,1.0,1.4271103616335812,-0.3975504879335341,-1.2627313603283987,0.632704357001375
617510,0,71.99,4287.0,14.53,0.74,0.600748708407604,-0.5250351760183761,-0.7128645070658902,-0.46530045233258754
442559,0,65.32,43325.0,13.92,0.84,0.3689643422588542,2.3010563932354935,-0.9238197149213179,-0.04299091028106365
544670,1,31.52,5271.0,19.13,0.84,-0.8055951143869836,-0.45380012032531275,0.8779452570897948,-0.04299091028106365
293266,0,61.09,1970.0,13.56,0.97,0.22197065877921274,-0.6927705663037702,-1.04831787037698,0.5060114943859175
575876,0,72.97,30461.0,15.39,0.78,0.634803982594377,1.3697883480773967,-0.4154522468106965,-0.2963766355119778
303626,0,100.0,1266.0,12.65,0.5,1.574104045113223,-0.7437354841979944,-1.3630215411121265,-1.478843353256245
839236,1,29.16,939.0,20.7,0.54,-0.8876057746734977,-0.7674081094130674,1.4208955461603223,-1.3099195364356353
690343,1,7.12,19250.0,18.64,0.57,-1.653501941078062,0.5581865092817327,0.708489434386255,-1.1832266738201787
42843,1,27.72,4079.0,20.04,1.0,-0.9376461775601843,-0.5400929926689424,1.1926489278249413,0.632704357001375
463818,1,26.88,37139.0,18.54,1.09,-0.9668364125774181,1.8532311345797108,0.6739066134263483,1.0127829448477468
1030842,1,45.59,42782.0,19.7,0.77,-0.3166586778483165,2.2617468045756017,1.0750673365612602,-0.33860758971713023
308618,1,14.42,38762.0,19.64,0.7,-1.3998248986663868,1.9707255404636965,1.054317643985317,-0.6342242691531973
29395,0,86.93,46085.0,15.59,1.01,1.1199178883569778,2.500862037252622,-0.34628660489088436,0.6749353112065274
391808,0,88.24,28198.0,14.77,0.69,1.1654407548719492,1.2059621986532072,-0.6298657367621153,-0.6764552233583497
1004677,0,97.35,25104.0,15.65,0.82,1.4820158036898068,0.9819771759760344,-0.3255369123149405,-0.1274528186913685
37559,1,53.26,2864.0,17.24,0.7,-0.05012403191714579,-0.628050912046048,0.22432994094756745,-0.6342242691531973
973851,1,31.73,3505.0,19.01,1.14,-0.798297555632675,-0.5816467751565626,0.8364458719379082,1.223937715873508
586951,0,82.58,3614.0,13.69,0.51,0.9687541713034451,-0.5737559000848717,-1.0033602031291022,-1.4366123990510926
200979,1,23.04,14833.0,21.15,1.26,-1.1002774869419156,0.23842508550504482,1.5765182404798999,1.7307091663353373
824081,1,33.06,2326.0,18.49,1.11,-0.7520796835220548,-0.6669985339595319,0.656615202946395,1.0972448532580517
121931,1,19.51,2130.0,19.25,0.99,-1.2229459745738624,-0.6811876304187193,0.9194446422416825,0.5904734027962225
356172,1,32.92,39835.0,19.21,1.17,-0.7569447226915937,2.0484036042428193,0.9056115138577204,1.3506305784889654
1036417,0,100.0,1531.0,14.6,0.9,1.574104045113223,-0.7245512466383788,-0.6886565323939559,0.210394814949851
46209,1,64.51,2743.0,17.5,0.81,0.34081661563509347,-0.6368105073091178,0.3142452754433241,-0.1696837728965205
8863,1,64.19,5194.0,19.28,1.26,0.3296965261047184,-0.45937440821999354,0.9298194885296548,1.7307091663353373
923742,1,13.85,3235.0,19.85,0.71,-1.4196325581423668,-0.6011929794625861,1.1269415680011203,-0.5919933149480449
265242,1,23.01,1614.0,19.51,0.88,-1.1013199953353883,-0.7185425986480086,1.0093599767374393,0.1259329065395461
357400,0,91.31,10346.0,15.34,0.94,1.2721241138039827,-0.08640387272135285,-0.43274365729064984,0.37931863177046027
680277,0,60.74,6738.0,13.8,0.56,0.20980806085536524,-0.34759907692925185,-0.965319100073205,-1.2254576280253304
490171,1,59.21,23792.0,19.4,1.1,0.1566401327882607,0.8869971017186167,0.9713188736815414,1.0550138990528992
634482,0,56.08,7989.0,16.67,0.87,0.04787175706928212,-0.2570349969780097,0.02720786147610324,0.08370195233439366
186279,1,19.53,3289.0,19.12,0.54,-1.2222509689782142,-0.5972837386013814,0.8744869749938049,-1.3099195364356353
1027057,0,100.0,1452.0,14.46,0.65,1.574104045113223,-0.7302703212316227,-0.737072481737824,-0.845379040178959
58764,1,49.64,5656.0,19.83,1.09,-0.1759200447295106,-0.4259286808519089,1.120025003809138,1.0127829448477468
816566,0,76.63,10436.0,14.78,0.89,0.7619900065980386,-0.07988847128601168,-0.6264074546661247,0.16816386074469855
96576,0,97.51,25536.0,14.22,0.98,1.4875758484549944,1.013251102865672,-0.820071252041599,0.54824244859107
657621,1,0.22,12915.0,19.46,0.81,-1.8932788715767686,0.09957464158299652,0.992068566257486,-0.1696837728965205
301915,0,41.39,31850.0,16.02,0.7,-0.46260985293448587,1.4703427102294953,-0.1975804747632878,-0.6342242691531973
884358,0,79.03,990.0,13.17,0.65,0.8453906780758498,-0.7637160485997073,-1.1831908721206144,-0.845379040178959
156986,1,13.42,4074.0,20.09,0.95,-1.4345751784488079,-0.5404549594153502,1.2099403383048946,0.4215495859756127
816686,0,74.21,36881.0,15.46,0.69,0.6778943295245791,1.8345536504650661,-0.39124427213876206,-0.6764552233583497
285971,0,73.48,7130.0,13.12,0.8,0.652526625283412,-0.319220884010877,-1.2004822826005677,-0.21191472710167295
734578,0,72.24,1214.0,15.38,1.22,0.6094362783532093,-0.747499938360636,-0.41891052890668706,1.5617853495147276
251101,1,21.07,2648.0,18.69,0.92,-1.1687355381132856,-0.6436878754908668,0.7257808448662083,0.29485672336015584
533582,0,90.86,1621.0,13.93,0.78,1.256486487901893,-0.7180358452030376,-0.9203614328253273,-0.2963766355119778
81541,0,86.49,25420.0,13.97,1.02,1.1046277652527121,1.00485347434901,-0.9065283044413646,0.7171662654116798
1045735,0,62.92,269.0,12.56,0.51,0.28556367078104355,-0.8159116534317182,-1.394146079976042,-1.4366123990510926
237687,0,100.0,8928.0,13.74,0.82,1.574104045113223,-0.1890576420026169,-0.9860687926491489,-0.1274528186913685
516197,0,80.27,29796.0,15.61,1.0,0.8884810250060519,1.3216467708051536,-0.33937004069890325,0.632704357001375
706434,0,62.12,2012.0,12.69,0.74,0.2577634469551064,-0.6897300456339444,-1.3491884127281644,-0.46530045233258754
715466,1,12.4,3508.0,19.24,0.99,-1.4700204638268777,-0.581429595108718,0.9159863601456915,0.5904734027962225
131459,0,72.32,215.0,14.91,0.98,0.6122163007358029,-0.8198208942929228,-0.5814497874182464,0.54824244859107
181230,1,54.52,46341.0,18.92,1.11,-0.006338679391294845,2.5193947346687033,0.8053213330739927,1.0972448532580517
813508,1,50.83,4401.0,20.8,0.71,-0.1345672117884294,-0.5167823342002773,1.455478367120229,-0.5919933149480449
228651,0,82.61,952.0,10.81,0.4,0.9697966796969177,-0.766466995872407,-1.9993454467744005,-1.901152895307769
487967,0,53.07,11501.0,16.41,0.31,-0.05672658507580575,-0.0027895543011412743,-0.06270747301965342,-2.281231483154141
671539,0,67.92,1086.0,14.97,0.75,0.4593150696931498,-0.7567662870686768,-0.5607000948423025,-0.4230694981274351
494466,0,52.49,208.0,14.81,0.73,-0.07688174734961001,-0.8203276477378939,-0.6160326083781524,-0.50753140653774
752049,1,15.35,2300.0,17.14,1.18,-1.367507138468735,-0.6688807610408526,0.18974711998766197,1.3928615326941178
945610,1,26.87,617.0,19.0,1.1,-0.9671839153752423,-0.7907187678817323,0.8329875898419171,1.0550138990528992
629907,0,82.13,26684.0,16.49,0.78,0.9531165454013554,1.0963586678409125,-0.03504121625172905,-0.2963766355119778
468916,0,85.47,2687.0,12.16,0.74,1.0691824798746425,-0.6408645348688856,-1.5324773638156668,-0.46530045233258754
631349,1,52.53,6299.0,20.48,1.01,-0.07549173615831319,-0.37937975726386036,1.344813340048529,0.6749353112065274
627823,0,95.8,32781.0,14.75,0.65,1.4281528700270538,1.5377409184106354,-0.6367823009540964,-0.845379040178959
731254,1,38.19,3887.0,19.66,1.42,-0.573810748238234,-0.5539925157310035,1.061234208177298,2.4064044336177752
463717,0,79.76,2153.0,12.88,0.83,0.8707583823170174,-0.6795225833852432,-1.2834810529043421,-0.08522186448621609
867384,0,100.0,24322.0,16.97,1.03,1.574104045113223,0.9253655768378479,0.13095632435582086,0.7593972196168323
470162,1,36.83,2403.0,19.77,1.08,-0.6210711287423268,-0.6614242460648511,1.0992753112331948,0.9705519906425945
189230,1,32.42,1051.0,18.1,0.74,-0.7743198625828044,-0.7593000542935316,0.5217422012027618,-0.46530045233258754
959187,0,84.9,7194.0,12.96,0.37,1.0493748203986626,-0.3145877096568566,-1.255814796136417,-2.0278457579232265
859366,0,95.81,2741.0,10.55,0.7,1.4285003728248782,-0.6369552940076809,-2.0892607812701565,-0.6342242691531973
145175,1,27.0,3538.0,19.55,1.22,-0.9626663790035276,-0.5792577946302709,1.0231931051214014,1.5617853495147276
288594,0,91.0,22579.0,12.79,0.82,1.261351527071432,0.799183969040074,-1.3146055917682582,-0.1274528186913685
81570,1,29.88,10809.0,19.28,1.07,-0.8625855732301544,-0.052885752003986645,0.9298194885296548,0.928321036437442
184721,0,74.31,31176.0,15.87,0.9,0.6813693575028216,1.421549592813718,-0.24945470620314722,0.210394814949851
42183,1,35.84,3332.0,19.42,0.4,-0.6554739057269237,-0.594170824582274,0.9782354378735237,-1.901152895307769
593683,0,62.67,6911.0,13.62,0.56,0.27687610083543823,-0.3350750275035405,-1.0275681778010366,-1.2254576280253304
549950,1,41.85,12368.0,19.93,1.13,-0.44662472423457206,0.05997547952597858,1.1546078247690446,1.1817067616683556
935647,1,17.81,71758.0,19.59,1.26,-1.2820214502039786,4.359416493358329,1.0370262335053637,1.7307091663353373
809771,0,77.02,2047.0,11.31,0.52,0.7755426157131828,-0.6871962784090895,-1.8264313419748694,-1.3943814448459402
816230,0,47.72,853.0,10.29,0.43,-0.24264058191175944,-0.7736339374512822,-2.1791761157659133,-1.774460032692312
381244,0,93.72,13094.0,14.38,0.77,1.3558722880796177,0.11253305110439728,-0.764738738505749,-0.33860758971713023
335923,1,65.68,953.0,19.79,1.39,0.38147444298052635,-0.7663946025231253,1.1061918754251758,2.279711571002318
99275,0,76.47,31109.0,12.62,1.04,0.7564299618328513,1.416699238411853,-1.3733963874000987,0.8016281738219847
999728,0,100.0,703.0,12.15,0.65,1.574104045113223,-0.7844929398435174,-1.5359356459116575,-0.845379040178959
982171,1,35.78,61074.0,18.45,1.14,-0.657558922513869,3.5859659496340517,0.6427820745624327,1.223937715873508
234305,1,50.95,2443.0,19.59,0.49,-0.1303971782145387,-0.6585285120935883,1.0370262335053637,-1.5210743074613975
127399,0,78.54,1688.0,13.46,0.78,0.8283630409824635,-0.7131854908011726,-1.0829006913368862,-0.2963766355119778
921253,0,66.94,15213.0,12.89,0.71,0.4252597955063768,0.2659345582320408,-1.2800227708083516,-0.5919933149480449
538148,1,18.93,1195.0,18.48,0.99,-1.243101136847667,-0.7488754119969858,0.653156920850405,0.5904734027962225
914111,1,0.0,-264.0,18.51,1.16,-1.9009239331289012,-0.8544973085987941,0.6635317671383772,1.308399624283813
478779,0,57.03,762.0,12.76,0.96,0.08088452286258241,-0.780221732235905,-1.3249804380562298,0.46378054018076514
170775,0,82.2,15747.0,10.67,0.84,0.9555490649861251,0.3045926067483984,-2.0477613961182692,-0.04299091028106365
868958,0,74.23,48771.0,13.8,0.62,0.6785893351202279,2.695310573422915,-0.965319100073205,-0.9720719027944164
28405,1,26.08,2952.0,17.59,1.08,-0.9946366364033552,-0.62168029730927,0.3453698143072396,0.9705519906425945
1020201,1,40.5,30316.0,17.65,0.91,-0.4935376019408408,1.3592913124315693,0.3661195068831829,0.2526257691550034
83319,0,54.21,1403.0,12.51,0.84,-0.01711126612384551,-0.7338175953464195,-1.4114374904559954,-0.04299091028106365
750130,0,74.63,2166.0,12.8,0.65,0.692489447033196,-0.6785814698445828,-1.311147309672267,-0.845379040178959
774834,1,26.66,4269.0,18.84,0.82,-0.9744814741295508,-0.5263382563054444,0.7776550763060671,-0.1274528186913685
246937,0,100.0,9021.0,13.32,0.57,1.574104045113223,-0.18232506051943104,-1.1313166406807549,-1.1832266738201787
638542,1,30.85,1677.0,19.75,0.94,-0.8288778018412057,-0.7139818176432698,1.0923587470412135,0.37931863177046027
869338,1,34.21,13144.0,20.49,1.09,-0.7121168617722704,0.1161527185684757,1.348271622144519,1.0127829448477468
371235,0,49.8,32590.0,15.04,0.97,-0.17035999996432333,1.523913788697856,-0.5364921201703687,0.5060114943859175
976216,0,100.0,7864.0,13.44,1.02,1.574104045113223,-0.26608416563820575,-1.0898172555288677,0.7171662654116798
785311,0,69.64,7370.0,14.27,0.92,0.5190855509189143,-0.30184648018330057,-0.8027798415616463,0.29485672336015584
850722,1,47.06,2678.0,19.13,0.71,-0.26557576656815735,-0.6415160750124198,0.8779452570897948,-0.5919933149480449
387197,0,100.0,34493.0,14.34,0.95,1.574104045113223,1.6616783323806807,-0.7785718668897118,0.4215495859756127
794441,1,30.69,44244.0,20.72,1.04,-0.8344378466063931,2.3675858812252546,1.4278121103523034,0.8016281738219847
225750,0,70.98,12066.0,13.53,0.7,0.5656509258273589,0.0381126880429449,-1.0586927166649522,-0.6342242691531973
521204,0,100.0,11150.0,14.38,0.9,1.574104045113223,-0.028199619898971802,-0.764738738505749,0.210394814949851
280557,0,100.0,909.0,15.41,0.49,1.574104045113223,-0.7695799098915144,-0.4085356826187154,-1.5210743074613975
859876,0,99.33,4176.0,17.06,0.55,1.5508213576590009,-0.5330708377886302,0.1620808632197364,-1.2676885822304829
58185,1,25.66,8976.0,19.31,1.06,-1.009231753911972,-0.18558276123710163,0.9401943348176258,0.8860900822322896
939548,1,29.81,10941.0,18.53,0.82,-0.8650180928149239,-0.04332982989881961,0.6704483313303583,-0.1274528186913685
575221,0,74.35,33576.0,13.82,0.46,0.6827593686941181,1.5952936310894823,-0.9584025358812239,-1.6477671700768546
677059,0,90.94,2728.0,15.57,0.61,1.2592665102844867,-0.6378964075483413,-0.3532031690828654,-1.014302856999569
772312,1,39.1,4172.0,21.29,0.76,-0.5421879936362305,-0.5333604111857565,1.6249341898237688,-0.38083854392228267
795336,1,6.53,2307.0,20.39,0.86,-1.6740046061496903,-0.6683740075958816,1.3136888011846135,0.041470998129241224
519928,0,83.17,21596.0,17.15,0.58,0.9892568363750737,0.7280213066962923,0.19320540208365192,-1.1409957196150262
927496,0,57.88,4773.0,14.46,0.6,0.11042226067764051,-0.48985200826753383,-0.737072481737824,-1.0565338112047213
806577,0,83.73,1260.0,15.74,0.52,1.0087169930532296,-0.7441698442936838,-0.29441237345102494,-1.3943814448459402
427910,1,54.43,1841.0,20.03,0.96,-0.009466204571712876,-0.7021093083610925,1.1891906457289514,0.46378054018076514
653781,0,84.5,3794.0,12.94,0.69,1.035474708485694,-0.5607250972141894,-1.2627313603283987,-0.6764552233583497
888738,1,38.87,1381.0,21.07,0.96,-0.5501805579861875,-0.735410249030614,1.5488519837119754,0.46378054018076514
444444,0,51.53,9757.0,13.31,0.72,-0.11024201594073443,-0.12904355544819665,-1.1347749227767454,-0.5497623607428924
350616,1,54.73,48125.0,19.74,0.97,0.0009588793630133981,2.6485444697870215,1.0889004649452225,0.5060114943859175
728385,1,12.19,15024.0,21.31,0.99,-1.4773180225811862,0.25225221521782437,1.6318507540157499,0.5904734027962225
491361,0,87.08,1304.0,12.61,0.77,1.1251304303243406,-0.7409845369252949,-1.3768546694960893,-0.33860758971713023
427784,1,0.0,3042.0,20.14,0.8,-1.9009239331289012,-0.6151648958739289,1.2272317487848479,-0.21191472710167295
1045631,1,36.62,1538.0,18.5,0.64,-0.6283686874966353,-0.7240444931934078,0.660073485042386,-0.8876099943841115
610579,1,0.0,2987.0,16.7,0.7,-1.9009239331289012,-0.6191465300844151,0.03758270776407426,-0.6342242691531973
978259,0,89.78,36331.0,17.48,0.69,1.218956185736878,1.7947373083602034,0.30732871125134303,-0.6764552233583497
282357,0,100.0,12467.0,14.7,0.9,1.574104045113223,0.06714242110485386,-0.6540737114340497,0.210394814949851
943735,0,88.46,2986.0,13.47,0.63,1.1730858164240818,-0.6192189234336967,-1.0794424092408954,-0.9298409485892639
945460,0,41.34,8694.0,12.8,0.72,-0.46434736692360684,-0.20599768573450394,-1.311147309672267,-0.5497623607428924
597788,0,63.13,1388.0,13.78,0.77,0.29286122953535204,-0.734903495585643,-0.9722356642651867,-0.33860758971713023
490990,1,30.3,7188.0,21.17,0.83,-0.8479904557215374,-0.31502206975254604,1.5834348046718822,-0.08522186448621609
708180,0,47.53,-23.0,15.65,0.55,-0.2492431350704194,-0.8370505114219362,-0.3255369123149405,-1.2676885822304829
62710,1,40.03,29449.0,19.16,1.26,-0.5098702334385787,1.2965262786044494,0.888320103377767,1.7307091663353373
69983,1,46.51,35122.0,19.27,1.28,-0.2846884204484892,1.7072137490787873,0.9263612064336637,1.8151710747456422
89972,1,46.03,2597.0,18.84,1.21,-0.3013685547440513,-0.6473799363042269,0.7776550763060671,1.5195543953095751
388798,0,69.05,493.0,13.16,0.53,0.4985828858472856,-0.7996955431926468,-1.1866491542166049,-1.3521504906407877
783737,1,16.15,16043.0,19.73,1.05,-1.339706914642798,0.3260210381357427,1.0854421828492324,0.8438591280271371
176289,1,0.0,971.0,18.39,1.02,-1.9009239331289012,-0.7650915222360571,0.6220323819864895,0.7171662654116798
863047,1,6.45,2777.0,20.1,0.92,-1.676784628532284,-0.6343491334335445,1.2133986204008858,0.29485672336015584
67744,1,31.83,-503.0,19.42,1.3,-0.7948225276544331,-0.8717993190770891,0.9782354378735237,1.899632983155947
250590,1,48.09,1690.0,21.37,1.05,-0.22978297839226342,-0.7130407041026094,1.6526004465916944,0.8438591280271371
184499,0,91.49,1063.0,13.34,0.57,1.2783791641648181,-0.7584313341021528,-1.1244000764887738,-1.1832266738201787
813908,0,59.78,11503.0,12.82,0.79,0.17644779226424082,-0.0026447676025781373,-1.304230745480286,-0.25414568130682536
952946,1,57.0,3000.0,18.6,1.22,0.07984201446910973,-0.6182054165437547,0.6946563060022928,1.5617853495147276
551083,1,32.01,6049.0,18.04,1.17,-0.7885674772935972,-0.3974780945842525,0.5009925086268173,1.3506305784889654
964846,0,83.2,12194.0,14.57,0.86,0.9902993447685464,0.04737903675098567,-0.6990313786819274,0.041470998129241224
642954,1,41.75,16062.0,17.55,1.14,-0.45009975221281423,0.32739651177209245,0.33153668592327745,1.223937715873508
204912,0,66.19,9479.0,14.41,0.49,0.39919708566956086,-0.1491689065484727,-0.7543638922177774,-1.5210743074613975
331875,1,26.06,4150.0,19.36,1.04,-0.9953316419990036,-0.534953064869951,0.9574857452975792,0.8016281738219847
90044,1,21.85,2648.0,18.82,1.29,-1.141630319882997,-0.6436878754908668,0.7707385121140861,1.8574020289507946
752060,1,27.8,3921.0,17.42,0.92,-0.9348661551775905,-0.5515311418554302,0.28657901867539975,0.29485672336015584
158452,0,86.42,11162.0,14.39,1.04,1.1021952456679427,-0.02733089970759298,-0.7612804564097585,0.8016281738219847
651106,0,92.36,5427.0,12.64,0.63,1.308611907575525,-0.4425067578373881,-1.366479823208117,-0.9298409485892639
522156,1,21.38,2203.0,19.06,0.91,-1.157962951380735,-0.6759029159211648,0.8537372824178604,0.2526257691550034
522689,0,78.47,10793.0,13.19,0.65,0.8259305213976937,-0.05404404559249174,-1.1762743079286333,-0.845379040178959
137859,0,79.18,8217.0,14.09,0.65,0.8506032200432131,-0.24052931334181207,-0.8650289192894773,-0.845379040178959
168591,0,83.73,1575.0,13.02,0.58,1.0087169930532296,-0.7213659392699898,-1.2350651035604738,-1.1409957196150262
825545,1,36.35,2937.0,17.07,1.1,-0.6377512630378889,-0.6227661975484935,0.16553914531572755,1.0550138990528992
742882,1,27.38,2226.0,19.09,1.0,-0.9494612726862075,-0.6742378688876887,0.8641121287058326,0.632704357001375
805349,1,50.18,1789.0,19.41,0.89,-0.15715489364700316,-0.7058737625237341,0.9747771557775325,0.16816386074469855
354502,0,94.18,2083.0,12.37,0.71,1.3718574167795319,-0.684590117834953,-1.4598534397998641,-0.5919933149480449
906286,1,47.81,11795.0,16.43,0.88,-0.2395130567313414,0.018494090387639852,-0.05579090882767233,0.1259329065395461
389227,0,73.14,10670.0,13.5,1.11,0.6407115301573886,-0.06294842755412466,-1.0690675629529238,1.0972448532580517
473846,1,51.25,32920.0,20.02,1.32,-0.11997209427981242,1.5478035939607735,1.1857323636329602,1.984094891566252
121408,0,67.6,72119.0,15.66,0.74,0.4481949801627747,4.385550492448975,-0.3220786302189499,-0.46530045233258754
789542,0,70.98,4794.0,12.65,0.6,0.5656509258273589,-0.4883317479326209,-1.3630215411121265,-1.0565338112047213
29469,0,85.87,43911.0,14.18,0.99,1.0830825917876112,2.3434788959144925,-0.8339043804255618,0.5904734027962225
156783,0,85.87,33545.0,14.69,0.44,1.0830825917876112,1.5930494372617539,-0.6575319935300403,-1.7322290784871595
653304,1,24.09,2830.0,20.68,0.9,-1.0637896931703734,-0.6305122859216213,1.413978981968341,0.210394814949851
699137,1,48.08,3046.0,18.72,1.0,-0.23013048119008783,-0.6148753224768025,0.7361556911541793,0.632704357001375
237652,0,46.72,8709.0,14.62,0.7,-0.2773908616941807,-0.2049117854952804,-0.6817399682019747,-0.6342242691531973
132904,1,38.05,41344.0,21.68,0.46,-0.5786757874077729,2.157645168308706,1.7598071915674032,-1.6477671700768546
193634,1,26.54,21448.0,19.04,1.05,-0.9786515077034413,0.7173070910026201,0.8468207182258792,0.8438591280271371
12911,1,47.71,32658.0,20.34,0.9,-0.24298808470958358,1.5288365364490026,1.2963973907046602,0.210394814949851
127393,1,2.99,2146.0,19.48,1.28,-1.7970205965794614,-0.6800293368302142,0.998985130449467,1.8151710747456422
22148,1,46.2,2946.0,17.65,1.01,-0.29546100718103957,-0.6221146574049594,0.3661195068831829,0.6749353112065274
764222,0,79.45,5739.0,15.08,0.75,0.8599857955844668,-0.41992003286153873,-0.5226589917864058,-0.4230694981274351
643665,0,69.89,1786.0,13.68,0.71,0.5277731208645196,-0.7060909425715788,-1.0068184852250928,-0.5919933149480449
19997,0,58.6,3038.0,11.54,0.58,0.13544246212098376,-0.6154544692710551,-1.7468908537670857,-1.1409957196150262
1002582,0,74.13,2644.0,13.88,0.82,0.6751143071419855,-0.6439774488879931,-0.9376528433052801,-0.1274528186913685
84030,1,24.48,3883.0,18.74,0.88,-1.050237084055229,-0.5542820891281298,0.7430722553461604,0.1259329065395461
768433,1,25.22,16167.0,18.21,1.16,-1.0245218770162374,0.33499781344665713,0.5597833042586584,1.308399624283813
534588,1,47.44,1239.0,20.76,1.12,-0.25237066025083743,-0.7456901046285968,1.4416452387362668,1.139475807463204
482507,1,43.91,35926.0,19.02,0.85,-0.3750391478827845,1.7654180019011683,0.8399041540338982,-0.0007599560759112111
780659,1,25.56,16541.0,21.76,0.69,-1.0127067818902142,0.36207292607796376,1.7874734483353287,-0.6764552233583497
332444,1,44.75,19591.0,18.79,0.96,-0.3458489128655505,0.5828726413867475,0.7603636658261138,0.46378054018076514
504328,1,13.25,2510.0,20.42,0.85,-1.4404827260118196,-0.6536781576917232,1.3240636474725858,-0.0007599560759112111
933041,1,34.69,3603.0,19.31,0.95,-0.6954367274767083,-0.574552226926969,0.9401943348176258,0.4215495859756127
898361,1,23.16,76255.0,20.67,0.85,-1.096107453368025,4.684969385077542,1.4105206998723512,-0.0007599560759112111
23281,0,77.36,24153.0,12.95,0.75,0.7873577108392062,0.9131311008092629,-1.2592730782324082,-0.4230694981274351
172735,1,2.49,4392.0,19.03,1.15,-1.8143957364706722,-0.5174338743438114,0.8433624361298894,1.2661686700786605
600635,1,44.15,9116.0,19.0,1.28,-0.3666990807350033,-0.17544769233768204,0.8329875898419171,1.8151710747456422
1034898,0,76.03,1350.0,11.79,0.6,0.741139838728586,-0.7376544428583427,-1.66043380136732,-1.0565338112047213
341029,0,78.06,34364.0,15.94,0.89,0.8116829066869012,1.6523395903233584,-0.22524673153121277,0.16816386074469855
997327,0,97.32,2020.0,14.96,0.74,1.480973295296334,-0.6891508988396918,-0.5641583769382931,-0.46530045233258754
568707,0,68.3,34110.0,11.93,1.21,0.4725201760104697,1.63395167960584,-1.6120178520234514,1.5195543953095751
268963,0,76.65,1193.0,12.96,0.52,0.7626850121936873,-0.7490201986955489,-1.255814796136417,-1.3943814448459402
280098,1,0.76,10954.0,21.11,0.73,-1.874513720494261,-0.04238871635815922,1.5626851120959377,-0.50753140653774
951909,0,79.66,3241.0,12.68,0.54,0.867283354338775,-0.6007586193668967,-1.352646694824155,-1.3099195364356353
1013893,1,36.05,11709.0,19.28,1.04,-0.6481763469726154,0.012268262349424965,0.9298194885296548,0.8016281738219847
358374,1,20.61,8728.0,20.83,0.89,-1.1847206668131993,-0.2035363118589306,1.4658532134081999,0.16816386074469855
422303,1,22.48,12742.0,18.02,1.14,-1.1197376436200714,0.08705059215728518,0.4940759444348362,1.223937715873508
819281,1,37.45,1941.0,18.44,0.8,-0.5995259552772255,-0.6948699734329358,0.6393237924664428,-0.21191472710167295
997809,0,87.98,6704.0,13.02,0.88,1.15640568212852,-0.3500604508048252,-1.2350651035604738,0.1259329065395461
656010,0,42.26,12742.0,14.06,0.49,-0.43237710952377945,0.08705059215728518,-0.875403765577449,-1.5210743074613975
728645,0,82.9,2633.0,13.48,0.6,0.9798742608338201,-0.6447737757300903,-1.0759841271449049,-1.0565338112047213
768971,0,64.53,3783.0,15.95,0.61,0.34151162123074175,-0.5615214240562866,-0.22178844943522225,-1.014302856999569
153588,0,95.53,18199.0,13.67,0.76,1.4187702944858003,0.48210109918680427,-1.0102767673210833,-0.38083854392228267
72457,1,40.99,1359.0,19.29,0.86,-0.4765099648474543,-0.7370029027148085,0.9332777706256448,0.041470998129241224
119534,1,6.27,1993.0,21.19,0.88,-1.6830396788931201,-0.6911055192702942,1.5903513688638633,0.1259329065395461
21895,0,77.04,2343.0,14.95,1.05,0.7762376213088317,-0.6657678470217452,-0.5676166590342843,0.8438591280271371
147096,0,67.01,29670.0,15.52,0.8,0.4276923150911465,1.312525208795676,-0.3704945795628188,-0.21191472710167295
570503,0,86.75,1699.0,14.86,0.98,1.1136628379961417,-0.7123891639590753,-0.5987411978981998,0.54824244859107
266100,0,91.4,698.0,11.39,0.74,1.2752516389844006,-0.7848549065899253,-1.7987650852069446,-0.46530045233258754
92513,1,35.24,2051.0,20.42,0.84,-0.6763240735963765,-0.6869067050119632,1.3240636474725858,-0.04299091028106365
977387,1,17.69,2528.0,18.09,0.97,-1.2861914837778694,-0.6523750774046551,0.5182839191067706,0.5060114943859175
1041870,1,2.03,30167.0,19.41,0.78,-1.830380865170586,1.3485047033886155,0.9747771557775325,-0.2963766355119778
253940,0,100.0,1308.0,14.0,0.96,1.574104045113223,-0.7406949635281685,-0.8961534581533929,0.46378054018076514
314372,0,88.29,25254.0,15.97,0.63,1.1671782688610706,0.9928361783682698,-0.21487188524324052,-0.9298409485892639
413794,0,75.14,7522.0,14.43,0.93,0.710212089722231,-0.29084269109250216,-0.7474473280257963,0.3370876775653083
90752,0,84.22,34416.0,16.88,0.64,1.025744630146616,1.656104044486,0.09983178549190533,-0.8876099943841115
822815,1,67.64,546.0,19.46,0.64,0.44958499135407176,-0.7958586956807238,0.992068566257486,-0.8876099943841115
910645,0,96.69,13433.0,14.12,1.08,1.4590806190334087,0.137074396510849,-0.8546540730015058,0.9705519906425945
440964,1,15.56,3603.0,17.99,1.02,-1.3602095797144265,-0.574552226926969,0.48370109814686396,0.7171662654116798
702861,0,88.0,2726.0,12.02,0.68,1.1571006877241683,-0.6380411942469045,-1.5808933131595357,-0.7186861775635017
129467,0,62.23,2802.0,12.01,0.96,0.2615859777311727,-0.6325392997015052,-1.5843515952555263,0.46378054018076514
952380,1,18.27,1739.0,20.02,1.22,-1.266036321504065,-0.7094934299878125,1.1857323636329602,1.5617853495147276
677106,0,89.94,2161.0,11.9,1.01,1.2245162305020654,-0.6789434365909907,-1.622392698311423,0.6749353112065274
973975,0,100.0,637.0,14.91,0.7,1.574104045113223,-0.789270900896101,-0.5814497874182464,-0.6342242691531973
650466,0,66.41,1460.0,13.62,0.84,0.4068421472216935,-0.7296911744373702,-1.0275681778010366,-0.04299091028106365
635442,1,4.81,1686.0,20.26,1.07,-1.733775087375455,-0.7133302774997357,1.2687311339367358,0.928321036437442
373195,0,97.11,1532.0,11.65,0.68,1.4736757365420257,-0.7244788532890972,-1.7088497507111884,-0.7186861775635017
340329,0,72.23,5917.0,14.36,0.75,0.6090887755553854,-0.4070340166894195,-0.7716553026977307,-0.4230694981274351
430059,0,77.51,556.0,12.19,0.48,0.7925702528065696,-0.795134762187908,-1.5221025175276952,-1.56330526166655
956100,0,73.02,3164.0,12.44,0.5,0.6365414965834979,-0.6063329072615775,-1.4356454651279298,-1.478843353256245
633193,0,43.07,7483.0,14.54,0.8,-0.4042293829000182,-0.29366603171448336,-0.7094062249698997,-0.21191472710167295
880635,1,32.5,2300.0,19.52,1.09,-0.7715398402002107,-0.6688807610408526,1.0128182588334291,1.0127829448477468
354548,1,46.78,5265.0,19.6,1.0,-0.2753058449072353,-0.4542344804210022,1.0404845156013547,0.632704357001375
526139,0,43.64,12921.0,10.21,0.81,-0.3844217234240381,0.10000900167868594,-2.2068423725338375,-0.1696837728965205
217392,0,69.64,71342.0,16.09,0.91,0.5190855509189143,4.329300860057196,-0.17337250009135335,0.2526257691550034
392463,1,51.9,2715.0,17.31,0.74,-0.09738441242123866,-0.6388375210890017,0.2485379156195019,-0.46530045233258754
583272,0,60.17,1602.0,16.3,0.62,0.19000040137938512,-0.7194113188393875,-0.10074857607555004,-0.9720719027944164
335877,0,72.9,31634.0,16.3,1.02,0.6323714630096077,1.4547057467846765,-0.10074857607555004,0.7171662654116798
1043225,1,43.21,49889.0,18.73,1.1,-0.3993643437304792,2.776246337919708,0.7396139732501705,1.0550138990528992
490522,0,79.22,7574.0,16.07,0.97,0.8519932312345098,-0.2870782369298606,-0.18028906428333444,0.5060114943859175
741076,1,44.29,2348.0,17.59,1.1,-0.3618340415654643,-0.6654058802753373,0.3453698143072396,1.0550138990528992
711030,1,36.76,51735.0,18.66,1.01,-0.6235036483270963,2.9098844606934837,0.7154059985782361,0.6749353112065274
711177,1,25.22,1015.0,20.94,1.07,-1.0245218770162374,-0.7619062148676681,1.5038943164640979,0.928321036437442
40017,1,16.56,2289.0,18.62,1.21,-1.3254592999320052,-0.6696770878829499,0.7015728701942738,1.5195543953095751
486073,1,42.98,1535.0,20.52,0.77,-0.40735690808043623,-0.7242616732412525,1.3586464684324913,-0.33860758971713023
286914,1,44.29,20637.0,19.29,0.58,-0.3618340415654643,0.6585960847352681,0.9332777706256448,-1.1409957196150262
244239,0,64.55,21642.0,15.63,0.41,0.34220662682639,0.7313514007632445,-0.33245347650692153,-1.8589219411026168
468522,0,100.0,10215.0,13.05,0.86,1.574104045113223,-0.09588740147723832,-1.2246902572725016,0.041470998129241224
545556,0,62.55,11229.0,14.3,0.74,0.2727060672615475,-0.022480545305727895,-0.792404995273674,-0.46530045233258754
584841,1,55.85,16796.0,19.17,0.93,0.03987919271932535,0.3805332301447637,0.8917783854737582,0.3370876775653083
357832,1,43.39,24678.0,21.33,1.22,-0.39310929336964334,0.9511376091820862,1.638767318207731,1.5617853495147276
369076,0,60.56,29565.0,13.9,0.48,0.20355301049452942,1.3049239071211114,-0.9307362791132989,-1.56330526166655
284750,0,84.42,7492.0,13.48,0.93,1.0326946861031003,-0.2930144915709492,-1.0759841271449049,0.3370876775653083
838508,1,9.46,3653.0,19.27,1.03,-1.572186286387196,-0.5709325594628906,0.9263612064336637,0.7593972196168323
780638,0,72.96,14093.0,16.61,0.68,0.6344564797965525,0.18485400703668417,0.006458168900158733,-0.7186861775635017
198627,1,37.51,11619.0,19.91,0.8,-0.5974409384902803,0.005752860914083804,1.1476912605770635,-0.21191472710167295
994620,0,82.98,32483.0,13.86,0.86,0.9826542832164138,1.516167700324728,-0.9445694074972617,0.041470998129241224
367992,0,100.0,2444.0,13.34,0.43,1.574104045113223,-0.6584561187443068,-1.1244000764887738,-1.774460032692312
356362,0,81.34,2102.0,11.38,0.69,0.9256638243732429,-0.6832146441986032,-1.802223367302935,-0.6764552233583497
927551,1,0.0,15536.0,19.25,1.11,-1.9009239331289012,0.28931761004998746,0.9194446422416825,1.0972448532580517
907923,0,62.3,14955.0,14.76,0.85,0.26401849731594224,0.24725707411739617,-0.6333240188581059,-0.0007599560759112111
781368,0,80.32,15323.0,12.65,0.66,0.8902185389951729,0.2738978266530134,-1.3630215411121265,-0.8031480859738066
487057,1,26.87,12574.0,19.07,0.74,-0.9671839153752423,0.07488850947798167,0.8571955645138515,-0.46530045233258754
812922,0,39.12,27966.0,14.29,1.28,-0.5414929880405822,1.1891669416198833,-0.7958632773696652,1.8151710747456422
903893,1,26.74,7396.0,19.99,0.86,-0.9717014517469571,-0.29996425310197977,1.175357517344988,0.041470998129241224
545618,1,15.48,1241.0,20.05,0.98,-1.3629896020970202,-0.7455453179300336,1.1961072099209324,0.54824244859107
792570,1,12.63,4964.0,18.82,0.78,-1.4620278994769207,-0.4760248785547543,0.7707385121140861,-0.2963766355119778
415955,0,69.25,1046.0,12.33,0.46,0.50553294180377,-0.7596620210399395,-1.4736865681838265,-1.6477671700768546
132334,0,74.86,29418.0,13.71,0.52,0.7004820113831531,1.2942820847767207,-0.9964436389371205,-1.3943814448459402
554187,1,32.97,19870.0,21.86,1.16,-0.7552072087024728,0.6030703858363051,1.8220562692952342,1.308399624283813
870904,0,100.0,11391.0,12.3,0.64,1.574104045113223,-0.010752822722113805,-1.484061414471798,-0.8876099943841115
198016,0,90.25,-340.0,11.63,0.58,1.2352888172346161,-0.8599992031441933,-1.7157663149031694,-1.1409957196150262
976384,1,12.39,23320.0,18.66,1.21,-1.4703679666247018,0.8528274408577163,0.7154059985782361,1.5195543953095751
875595,1,0.0,3614.0,17.73,0.88,-1.9009239331289012,-0.5737559000848717,0.3937857636511085,0.1259329065395461
592801,1,30.6,3277.0,18.51,0.61,-0.837565371786811,-0.5981524587927602,0.6635317671383772,-1.014302856999569
3731,0,47.32,9902.0,13.69,0.88,-0.2565406938247279,-0.11854651980236923,-1.0033602031291022,0.1259329065395461
541001,0,89.95,3684.0,13.63,0.9,1.2248637332998897,-0.5686883656351619,-1.0241098957050456,0.210394814949851
762719,1,56.03,21569.0,19.31,0.92,0.04613424308016116,0.7260666862656899,0.9401943348176258,0.29485672336015584
657025,1,37.51,29029.0,19.51,0.91,-0.5974409384902803,1.2661210719061906,1.0093599767374393,0.2526257691550034
954391,0,100.0,7718.0,12.71,0.46,1.574104045113223,-0.27665359463331474,-1.3422718485361826,-1.6477671700768546
227627,1,24.35,14195.0,20.26,0.95,-1.0547546204269438,0.19223812866340415,1.2687311339367358,0.4215495859756127
172433,1,19.12,14974.0,19.56,0.7,-1.2364985836890068,0.24863254775374596,1.0266513872173915,-0.6342242691531973
13140,1,2.75,13664.0,17.98,0.99,-1.8053606637272428,0.1537972601948913,0.480242816050874,0.5904734027962225
635124,0,64.95,33242.0,15.29,0.92,0.3561067387393587,1.5711142524294386,-0.4500350677706032,0.29485672336015584
404098,0,75.09,2639.0,12.0,0.32,0.7084745757331101,-0.6443394156344009,-1.5878098773515168,-2.2390005289489885
108601,1,38.4,10324.0,19.33,0.48,-0.5665131894839255,-0.08799652640554735,0.947110899009607,-1.56330526166655
945399,0,100.0,1642.0,13.2,0.57,1.574104045113223,-0.7165155848681247,-1.1728160258326428,-1.1832266738201787
115448,0,100.0,1527.0,13.35,1.06,1.574104045113223,-0.7248408200355051,-1.1209417943927833,0.8860900822322896
592936,1,22.57,3620.0,18.65,0.71,-1.1166101184396537,-0.5733215399891822,0.7119477164822449,-0.5919933149480449
221382,0,93.32,7821.0,12.61,1.03,1.341972176166649,-0.2691970796573132,-1.3768546694960893,0.7593972196168323
984530,0,93.46,1616.0,14.5,0.22,1.346837215336188,-0.7183978119494455,-0.7232393533538619,-2.6613100710005124
322242,0,89.22,7234.0,13.92,0.77,1.1994960290587222,-0.31169197568559387,-0.9238197149213179,-0.33860758971713023
775508,0,52.15,1366.0,13.26,0.51,-0.08869684247563335,-0.7364961492698375,-1.1520663332566987,-1.4366123990510926
52181,0,66.76,9691.0,14.21,0.71,0.41900474514554126,-0.13382151650078017,-0.8235295341375896,-0.5919933149480449
854314,0,81.04,815.0,13.55,0.79,0.9152387404385166,-0.7763848847239818,-1.0517761524729705,-0.25414568130682536
49684,1,35.96,3118.0,19.22,0.82,-0.6513038721530332,-0.6096630013285297,0.9090697959537103,-0.1274528186913685
58943,1,35.55,21899.0,20.09,0.87,-0.665551486863826,0.7499564915286075,1.2099403383048946,0.08370195233439366
210554,1,40.71,3782.0,17.33,1.03,-0.4862400431865323,-0.5615938174055682,0.25545447981148295,0.7593972196168323
254801,0,53.76,1703.0,14.13,1.07,-0.032748892025935165,-0.712099590561949,-0.8511957909055146,0.928321036437442
501691,0,90.2,29918.0,14.83,1.02,1.233551303245495,1.330478759417505,-0.6091160441861714,0.7171662654116798
445137,0,86.69,1686.0,13.18,0.82,1.1115778212091965,-0.7133302774997357,-1.1797325900246238,-0.1274528186913685
757873,0,94.26,17687.0,14.72,0.87,1.3746374391621254,0.4450357043546412,-0.647157147242068,0.08370195233439366
295038,0,89.28,24141.0,13.64,0.67,1.2015810458456675,0.912262380617884,-1.020651613609055,-0.7609171317686542
432915,0,63.25,10432.0,11.26,0.69,0.2970312631092425,-0.08017804468313795,-1.8437227524548228,-0.6764552233583497
432960,1,20.97,4491.0,18.39,1.13,-1.1722105660915276,-0.5102669327649362,0.6220323819864895,1.1817067616683556
710547,1,35.09,1764.0,19.45,1.19,-0.6815366155637396,-0.7076835962557734,0.9886102841614948,1.4350924868992703
713704,0,69.25,1682.0,14.53,0.67,0.50553294180377,-0.713619850896862,-0.7128645070658902,-0.7609171317686542
453397,0,89.98,1037.0,13.19,0.79,1.2259062416933624,-0.7603135611834736,-1.1762743079286333,-0.25414568130682536
594013,1,8.1,7000.0,19.72,1.3,-1.619446666891289,-0.3286320194174809,1.0819839007532412,1.899632983155947
90418,0,100.0,789.0,11.81,0.45,1.574104045113223,-0.7782671118053026,-1.6535172371753384,-1.689998124282007
679151,1,37.64,8490.0,20.12,0.72,-0.5929234021185655,-0.2207659289879439,1.2203151845928668,-0.5497623607428924
134396,0,77.73,19153.0,12.66,0.85,0.8002153143587022,0.5511643544014205,-1.359563259016136,-0.0007599560759112111
150584,0,93.62,2863.0,13.64,0.58,1.3523972601013758,-0.6281233053953296,-1.020651613609055,-1.1409957196150262
479275,1,22.94,24047.0,20.31,1.02,-1.1037525149201577,0.9054574057854166,1.286022544416688,0.7171662654116798
319602,0,70.44,11755.0,13.93,0.83,0.5468857747448511,0.015598356416377114,-0.9203614328253273,-0.08522186448621609
377173,1,7.15,4610.0,18.57,0.85,-1.6524594326845894,-0.5016521242004295,0.6842814597143205,-0.0007599560759112111
1023906,1,36.58,3641.0,20.04,0.87,-0.6297586986879321,-0.5718012796542693,1.1926489278249413,0.08370195233439366
1013525,1,44.98,2060.0,18.85,0.77,-0.3378563485155937,-0.6862551648684291,0.7811133584020583,-0.33860758971713023
97487,1,40.76,4193.0,19.38,0.92,-0.4845025291974113,-0.5318401508508436,0.9644023094895603,0.29485672336015584
360316,0,96.09,1680.0,14.64,0.88,1.4382304511639563,-0.7137646375954251,-0.674823404009993,0.1259329065395461
769398,1,37.63,18426.0,20.23,1.41,-0.5932709049163897,0.4985343894737203,1.2583562876487635,2.364173479412623
985840,1,35.83,6700.0,18.97,0.51,-0.655821408524748,-0.35035002420195144,0.8226127435539449,-1.4366123990510926
729321,0,75.73,883.0,13.68,0.6,0.7307147547938597,-0.7714621369728352,-1.0068184852250928,-1.0565338112047213
289100,1,31.74,1735.0,20.23,0.82,-0.7979500528348509,-0.7097830033849388,1.2583562876487635,-0.1274528186913685
704633,0,74.17,2142.0,14.22,0.6,0.6765043183332825,-0.6803189102273405,-0.820071252041599,-1.0565338112047213
443944,1,9.78,2942.0,20.08,0.99,-1.5610661968568214,-0.6224042308020857,1.2064820562089034,0.5904734027962225
1042859,0,50.19,2556.0,14.57,0.42,-0.15680739084917902,-0.6503480636247712,-0.6990313786819274,-1.8166909868974643
222621,1,3.77,3047.0,19.41,1.03,-1.769915378349173,-0.614802929127521,0.9747771557775325,0.7593972196168323
37157,0,60.1,28934.0,14.06,0.56,0.18756788179461564,1.2592437037244417,-0.875403765577449,-1.2254576280253304
578963,0,72.44,23556.0,13.87,0.65,0.6163863343096937,0.8699122712881665,-0.9411111254012712,-0.845379040178959
34161,0,79.5,12140.0,14.54,0.95,0.8617233095735877,0.04346979588978097,-0.7094062249698997,0.4215495859756127
784576,0,81.08,1363.0,15.26,1.05,0.9166287516298132,-0.7367133293176823,-0.46040991405857484,0.8438591280271371
163528,1,36.04,1785.0,20.78,1.02,-0.6485238497704395,-0.7061633359208604,1.4485618029282479,0.7171662654116798
24270,1,35.26,38770.0,19.48,1.1,-0.6756290680007282,1.971304687257949,0.998985130449467,1.0550138990528992
435484,0,70.16,13218.0,12.09,0.59,0.5371556964057732,0.12150982641531177,-1.5566853384876014,-1.0987647654098738
781511,1,34.5,126.0,18.86,0.69,-0.7020392806353682,-0.8262639023789825,0.7845716404980482,-0.6764552233583497
431417,1,41.72,58965.0,18.71,0.96,-0.4511422606062869,3.433288375999224,0.7326974090581894,0.46378054018076514
681536,1,46.7,19071.0,19.64,1.08,-0.278085867289829,0.5452280997603319,1.054317643985317,0.9705519906425945
1044318,0,80.42,29756.0,14.47,0.91,0.8936935669734153,1.3187510368338908,-0.7336141996418335,0.2526257691550034
1491,1,4.91,3488.0,18.06,0.93,-1.7303000593972129,-0.5828774620943493,0.5079090728187984,0.3370876775653083
374435,0,81.1,5372.0,12.71,0.55,0.9173237572254614,-0.4464883920478743,-1.3422718485361826,-1.2676885822304829
609007,0,74.56,5551.0,12.97,0.66,0.6900569274484268,-0.43352998252647357,-1.2523565140404265,-0.8031480859738066
66116,0,61.8,9380.0,13.39,0.33,0.2466433574247316,-0.15633584812734796,-1.1071086660088205,-2.1967695747438363
531692,1,41.22,15268.0,18.56,0.71,-0.4685174004974975,0.2699161924425271,0.6808231776183293,-0.5919933149480449
291621,1,38.99,4493.0,20.03,0.74,-0.5460105244122968,-0.5101221460663731,1.1891906457289514,-0.46530045233258754
987501,0,75.0,8747.0,12.34,0.61,0.7053470505526921,-0.2021608382225808,-1.4702282860878357,-1.014302856999569
120805,0,92.06,2285.0,14.78,0.45,1.2981868236407985,-0.6699666612800762,-0.6264074546661247,-1.689998124282007
581754,1,20.15,35331.0,18.08,0.93,-1.200705795513113,1.7223439590786351,0.5148256370107794,0.3370876775653083
977760,1,11.68,1679.0,19.57,0.73,-1.495040665270221,-0.7138370309447066,1.0301096693133824,-0.50753140653774
494028,1,26.4,38127.0,21.75,1.08,-0.9835165468729804,1.9247557636699004,1.7840151662393375,0.9705519906425945
761923,0,96.62,321.0,16.26,0.68,1.4566480994486395,-0.8121471992690766,-0.11458170445951223,-0.7186861775635017
53719,1,65.36,5944.0,19.17,1.03,0.3703543534501513,-0.40507939625881717,0.8917783854737582,0.7593972196168323
296918,0,81.06,1540.0,10.8,0.62,0.9159337460341649,-0.7238997064948447,-2.002803728870391,-0.9720719027944164
441948,1,40.71,9564.0,18.35,1.2,-0.4862400431865323,-0.14301547185953936,0.6081992536025272,1.4773234411044227
779631,1,21.91,32006.0,19.55,1.32,-1.1395453030960518,1.4816360727174198,1.0231931051214014,1.984094891566252
862613,0,88.68,1274.0,16.05,0.53,1.180730877976215,-0.7431563374037419,-0.18720562847531555,-1.3521504906407877
273143,0,55.2,16123.0,14.2,0.84,0.01729151086075159,0.3318125060782681,-0.8269878162335808,-0.04299091028106365
188750,0,100.0,2335.0,10.13,0.62,1.574104045113223,-0.6663469938159977,-2.2345086293017626,-0.9720719027944164
17018,1,37.78,29951.0,19.51,0.89,-0.5880583629490265,1.3328677399437967,1.0093599767374393,0.16816386074469855
1025152,1,42.13,55410.0,19.57,0.71,-0.4368946458954941,3.175930019303248,1.0301096693133824,-0.5919933149480449
718223,1,42.61,2691.0,17.62,0.73,-0.420214511599932,-0.6405749614717594,0.35574466059521187,-0.50753140653774
992379,0,82.55,23324.0,15.31,0.84,0.9677116629099723,0.8531170142548425,-0.4431185035786215,-0.04299091028106365
359918,1,13.14,9127.0,18.3,0.99,-1.444305256787886,-0.1746513654955848,0.5909078431225739,0.5904734027962225
841687,0,99.81,1563.0,13.69,0.62,1.5675014919545631,-0.7222346594613686,-1.0033602031291022,-0.9720719027944164
389874,0,88.17,14020.0,13.09,0.95,1.16300823528718,0.17956929253912968,-1.2108571288885392,0.4215495859756127
543510,0,100.0,1055.0,14.58,0.84,1.574104045113223,-0.7590104808964053,-0.6955730965859369,-0.04299091028106365
57788,1,30.03,3863.0,18.28,0.88,-0.8573730312627912,-0.5557299561137612,0.5839912789305929,0.1259329065395461
679678,0,67.53,11414.0,14.47,0.41,0.44576246057800545,-0.00908777568863773,-0.7336141996418335,-1.8589219411026168
123539,0,92.46,5229.0,13.47,0.66,1.3120869355537668,-0.45684064099513866,-1.0794424092408954,-0.8031480859738066
961989,1,35.34,18625.0,19.76,1.27,-0.6728490456181343,0.5129406659807524,1.0958170291372047,1.7729401205404898
431031,0,89.82,45881.0,15.68,1.07,1.2203461969281746,2.486093793999182,-0.31516206602696883,0.928321036437442
264980,1,72.77,10523.0,19.32,1.0,0.6278539266378926,-0.07359024989851523,0.943652616913617,0.632704357001375
1004094,1,50.07,21851.0,18.28,0.98,-0.16097742442306948,0.7464816107630923,0.5839912789305929,0.54824244859107
318283,0,93.49,1797.0,13.06,0.83,1.3478797237296607,-0.7052946157294816,-1.221231975176511,-0.08522186448621609
621082,0,82.6,28965.0,15.87,0.65,0.9694491768990934,1.2614878975521702,-0.24945470620314722,-0.845379040178959
917488,0,86.93,2210.0,11.45,0.44,1.1199178883569778,-0.6753961624761938,-1.7780153926310012,-1.7322290784871595
1030972,0,75.9,43133.0,15.47,1.04,0.7366223023568714,2.287156870173432,-0.38778599004277153,0.8016281738219847
100633,0,47.07,10805.0,11.84,1.03,-0.2652282637703332,-0.05317532540111292,-1.6431423908873668,0.7593972196168323
117960,1,16.26,726.0,22.02,0.85,-1.3358843838667316,-0.7828278928100414,1.8773887828310842,-0.0007599560759112111
409024,1,33.92,4503.0,18.92,0.82,-0.7221944429091725,-0.5093982125735573,0.8053213330739927,-0.1274528186913685
721207,1,30.56,2652.0,19.38,0.93,-0.838955382978108,-0.6433983020937405,0.9644023094895603,0.3370876775653083
3620,0,84.13,9231.0,14.87,0.6,1.0226171049661978,-0.16712245717030166,-0.5952829158022092,-1.0565338112047213
987585,1,36.41,16655.0,20.19,1.19,-0.6356662462509438,0.37032576789606253,1.2445231592648014,1.4350924868992703
281066,0,88.77,12880.0,12.84,0.74,1.1838584031566324,0.09704087435814163,-1.297314181288305,-0.46530045233258754
783108,1,11.13,1568.0,18.73,1.03,-1.5141533191505525,-0.7218726927149608,0.7396139732501705,0.7593972196168323
446171,0,58.27,1280.0,12.91,0.33,0.12397486979278481,-0.7427219773080525,-1.2731062066163703,-2.1967695747438363
44668,0,62.1,40678.0,14.7,0.65,0.2570684413594581,2.1094311976871816,-0.6540737114340497,-0.845379040178959
84504,0,78.26,1956.0,14.47,0.93,0.8186329626433856,-0.6937840731937122,-0.7336141996418335,0.3370876775653083
206155,1,31.69,12017.0,19.82,0.9,-0.7996875668239719,0.03456541392814805,1.116566721713148,0.210394814949851
374002,0,97.2,1948.0,13.74,0.72,1.4768032617224438,-0.6943632199879647,-0.9860687926491489,-0.5497623607428924
788810,0,100.0,31406.0,12.02,0.85,1.574104045113223,1.4382000631484788,-1.5808933131595357,-0.0007599560759112111
96307,0,66.4,1839.0,13.84,0.58,0.4064946444238696,-0.7022540950596557,-0.9514859716892429,-1.1409957196150262
68178,0,85.92,2515.0,11.67,0.63,1.0848201057767322,-0.6533161909453155,-1.7019331865192073,-0.9298409485892639
126723,1,43.55,3660.0,17.47,0.96,-0.3875492486044561,-0.5704258060179196,0.30387042915535184,0.46378054018076514
681485,1,37.72,1776.0,20.93,1.17,-0.5901433797359719,-0.7068148760643945,1.5004360343681067,1.3506305784889654
489952,0,96.61,29271.0,15.88,0.91,1.4563005966508151,1.2836402624323302,-0.24599642410715605,0.2526257691550034
126015,1,25.39,3239.0,19.12,0.65,-1.0186143294532257,-0.6009034060654599,0.8744869749938049,-0.845379040178959
789744,0,78.29,9792.0,13.02,0.93,0.8196754710368582,-0.12650978822334177,-1.2350651035604738,0.3370876775653083
59113,0,79.68,31392.0,15.29,0.7,0.8679783599344237,1.4371865562585369,-0.4500350677706032,-0.6342242691531973
982210,0,87.83,9749.0,13.74,0.98,1.1511931401611566,-0.1296227022424492,-0.9860687926491489,0.54824244859107
518056,0,79.05,260.0,16.02,0.72,0.8460856836714981,-0.8165631935752523,-0.1975804747632878,-0.5497623607428924
317025,1,26.66,6084.0,18.47,1.11,-0.9744814741295508,-0.3949443273593976,0.6496986387544138,1.0972448532580517
764545,0,62.66,1250.0,11.52,0.62,0.27652859803761387,-0.7448937777864996,-1.7538074179590668,-0.9720719027944164
806764,0,90.93,1090.0,14.01,0.63,1.2589190074866627,-0.7564767136715504,-0.8926951760574023,-0.9298409485892639
33776,0,67.36,2079.0,15.41,0.65,0.4398549130149938,-0.6848796912320793,-0.4085356826187154,-0.845379040178959
82857,0,69.42,1527.0,13.81,0.62,0.5114404893667817,-0.7248408200355051,-0.9618608179772145,-0.9720719027944164
733240,1,7.6,3644.0,19.22,0.77,-1.6368218067824996,-0.5715840996064246,0.9090697959537103,-0.33860758971713023
591199,1,23.74,3276.0,16.93,1.04,-1.075952291094221,-0.5982248521420418,0.11712319597185868,0.8016281738219847
313677,1,63.46,14773.0,17.82,1.1,0.304328821863551,0.23408148454815073,0.42491030251502404,1.0550138990528992
781637,1,33.61,5809.0,20.0,0.78,-0.7329670296417231,-0.4148524984118289,1.1788157994409791,-0.2963766355119778
761959,0,85.17,2382.0,12.9,0.86,1.0587573959399161,-0.662944506399764,-1.2765644887123608,0.041470998129241224
48268,0,81.09,3409.0,15.38,0.78,0.9169762544276376,-0.5885965366875933,-0.41891052890668706,-0.2963766355119778
784539,0,56.23,4459.0,13.38,0.81,0.053084299036645265,-0.5125835199419464,-1.110566948104811,-0.1696837728965205
866982,0,100.0,959.0,15.39,0.35,1.574104045113223,-0.765960242427436,-0.4154522468106965,-2.1123076663335314
363328,0,100.0,9375.0,14.45,0.59,1.574104045113223,-0.1566978148737558,-0.7405307638338152,-1.0987647654098738
365822,1,20.3,6608.0,17.51,0.72,-1.19549325354575,-0.3570102123358557,0.3177035575393153,-0.5497623607428924
759534,1,24.18,3421.0,19.38,0.9,-1.0606621679899555,-0.5877278164962144,0.9644023094895603,0.210394814949851
20905,0,61.72,3133.0,15.75,0.43,0.24386333504213795,-0.6085771010893061,-0.29095409135503436,-1.774460032692312
31607,1,57.53,892.0,18.08,1.02,0.09825966275379303,-0.770810596829301,0.5148256370107794,0.7171662654116798
27314,0,100.0,2018.0,15.1,0.55,1.574104045113223,-0.6892956855382549,-0.5157424275944248,-1.2676885822304829
1036289,0,79.69,2078.0,15.67,1.12,0.8683258627322477,-0.6849520845813608,-0.31862034812295936,1.139475807463204
62153,0,62.81,1968.0,14.83,0.62,0.28174114000497724,-0.6929153530023334,-0.6091160441861714,-0.9720719027944164
110647,1,33.05,6245.0,19.43,0.72,-0.7524271863198791,-0.38328899812506506,0.9816937199695136,-0.5497623607428924
407502,1,9.89,1358.0,18.67,1.21,-1.557243666080755,-0.7370752960640902,0.7188642806742273,1.5195543953095751
837635,0,78.02,13008.0,14.74,1.11,0.8102928954956041,0.10630722306618239,-0.6402405830500869,1.0972448532580517
696930,0,87.96,3598.0,15.08,0.6,1.1557106765328713,-0.5749141936733768,-0.5226589917864058,-1.0565338112047213
977232,0,72.25,2449.0,13.14,0.77,0.6097837811510337,-0.6580941519978989,-1.193565718408586,-0.33860758971713023
289198,0,62.37,13776.0,15.34,0.57,0.2664510169007117,0.16190531531442695,-0.43274365729064984,-1.1832266738201787
706362,1,57.24,3325.0,18.29,1.11,0.0881820816168909,-0.594677578027245,0.5874495610265827,1.0972448532580517
908709,1,33.03,16872.0,20.16,0.9,-0.7531221919155274,0.3860351246901629,1.2341483129768291,0.210394814949851
672002,0,83.54,1746.0,12.51,0.35,1.0021144398945698,-0.7089866765428415,-1.4114374904559954,-2.1123076663335314
87844,1,37.5,25247.0,17.87,0.92,-0.5977884412881045,0.9923294249232987,0.4422017129949774,0.29485672336015584
813899,0,90.27,6020.0,12.95,1.21,1.2359838228302644,-0.399577501713418,-1.2592730782324082,1.5195543953095751
814419,0,89.38,3711.0,13.52,0.86,1.2050560738239093,-0.5667337452045595,-1.0621509987609428,0.041470998129241224
813022,0,71.17,15573.0,12.4,0.79,0.5722534789860187,0.2919961639734055,-1.449478593511892,-0.25414568130682536
310453,1,22.87,1836.0,19.66,0.89,-1.1061850345049273,-0.7024712751075004,1.061234208177298,0.16816386074469855
960995,1,25.95,16762.0,19.01,0.86,-0.9991541727750699,0.3780718562691904,0.8364458719379082,0.041470998129241224
538774,0,83.92,1404.0,15.65,0.67,1.0153195462118896,-0.733745201997138,-0.3255369123149405,-0.7609171317686542
702904,0,86.58,8393.0,16.15,0.76,1.10775529043313,-0.22778808386825602,-0.15262280751541007,-0.38083854392228267
596834,1,4.84,2698.0,18.74,0.93,-1.7327325789819823,-0.6400682080267884,0.7430722553461604,0.3370876775653083
890929,1,23.84,21559.0,18.69,1.28,-1.0724772631159787,0.7253427527728743,0.7257808448662083,1.8151710747456422
24376,1,24.7,7505.0,18.4,1.11,-1.0425920225030965,-0.2920733780302888,0.6254906640824794,1.0972448532580517
362600,0,100.0,14450.0,14.28,0.53,1.574104045113223,0.2106984327302041,-0.7993215594656558,-1.3521504906407877
139881,0,83.64,4374.0,13.2,0.91,1.0055894678728117,-0.5187369546308797,-1.1728160258326428,0.2526257691550034
805564,0,56.84,32547.0,13.21,1.0,0.07428196970392245,1.5208008746787485,-1.1693577437366516,0.632704357001375
757316,1,9.53,1143.0,19.53,0.65,-1.5697537668024266,-0.7526398661596273,1.0162765409294203,-0.845379040178959
360235,1,35.25,3237.0,20.11,0.92,-0.6759765707985523,-0.601048192764023,1.2168569024968756,0.29485672336015584
480588,1,38.77,1922.0,20.47,0.89,-0.5536555859644294,-0.6962454470692855,1.3413550579525377,0.16816386074469855
1034386,1,17.57,18600.0,18.14,0.96,-1.29036151735176,0.5111308322487133,0.5355753295867239,0.46378054018076514
944773,0,94.68,-163.0,16.34,0.35,1.3892325566707424,-0.8471855803213557,-0.08691544769158786,-2.1123076663335314
228764,1,40.14,4207.0,18.98,0.86,-0.5060477026625124,-0.5308266439609016,0.826071025649936,0.041470998129241224
519552,1,36.25,34412.0,19.94,1.07,-0.641226291016131,1.6558144710888736,1.1580661068650357,0.928321036437442
597295,1,36.24,18422.0,18.53,1.05,-0.6415737938139552,0.498244816076594,0.6704483313303583,0.8438591280271371
430618,0,72.8,3100.0,15.1,0.55,0.6288964350313653,-0.6109660816155978,-0.5157424275944248,-1.2676885822304829
791991,0,79.87,26807.0,16.78,1.15,0.8745809130930837,1.1052630498025455,0.06524896453199987,1.2661686700786605
646541,1,23.28,23339.0,18.69,1.0,-1.0919374197941345,0.8542029144940662,0.7257808448662083,0.632704357001375
149822,1,48.57,3616.0,16.78,0.89,-0.21310284409670133,-0.5736111133863085,0.06524896453199987,0.16816386074469855
449578,0,72.16,62754.0,16.31,1.23,0.6066562559706157,3.7075867764270867,-0.09729029397956011,1.60401630371988
267731,1,51.88,2430.0,18.07,0.91,-0.09807941801688695,-0.6594696256342487,0.5113673549147896,0.2526257691550034
708586,1,25.61,2533.0,18.59,1.31,-1.010969267901093,-0.6520131106582472,0.6911980239063016,1.9418639373610995
529591,0,84.28,16564.0,15.25,0.91,1.0278296469335613,0.3637379731114398,-0.46386819615456537,0.2526257691550034
423280,1,48.7,3219.0,18.59,1.11,-0.20858530772498649,-0.6023512730510913,0.6911980239063016,1.0972448532580517
151893,0,75.12,7148.0,14.24,0.93,0.7095170841265828,-0.3179178037238088,-0.813154687849618,0.3370876775653083
257135,1,49.28,18428.0,18.56,0.64,-0.18843014545118222,0.4986791761722834,0.6808231776183293,-0.8876099943841115
484795,0,90.85,2197.0,13.67,0.72,1.2561389851040685,-0.6763372760168542,-1.0102767673210833,-0.5497623607428924
691342,1,0.0,925.0,18.9,1.19,-1.9009239331289012,-0.7684216163030093,0.7984047688820104,1.4350924868992703
231525,1,52.21,3246.0,19.21,0.95,-0.086611825688688,-0.6003966526204889,0.9056115138577204,0.4215495859756127
319214,1,13.3,20605.0,18.92,0.88,-1.4387452120226987,0.656279497558258,0.8053213330739927,0.1259329065395461
196090,1,29.27,54166.0,19.72,1.14,-0.8837832438974313,3.085872692796977,1.0819839007532412,1.223937715873508
531620,0,76.88,1980.0,12.73,0.48,0.7706775765436439,-0.6920466328109546,-1.3353552843442014,-1.56330526166655
942264,0,83.97,2897.0,12.02,0.95,1.0170570602010107,-0.6256619315197562,-1.5808933131595357,0.4215495859756127
937775,1,7.79,18205.0,19.36,1.16,-1.6302192536238396,0.48253545928249364,0.9574857452975792,1.308399624283813
17537,0,85.49,3439.0,15.32,0.74,1.0698774854702908,-0.5864247362091461,-0.43966022148263095,-0.46530045233258754
759508,0,100.0,8803.0,15.51,1.14,1.574104045113223,-0.19810681066281297,-0.3739528616588093,1.223937715873508
272190,0,69.98,7994.0,15.95,0.86,0.5309006460449376,-0.2566730302316019,-0.22178844943522225,0.041470998129241224
854156,1,10.88,36714.0,20.1,1.15,-1.522840889096158,1.8224639611350442,1.2133986204008858,1.2661686700786605
412848,1,37.92,4720.0,18.45,1.5,-0.5831933237794875,-0.493688855779457,0.6427820745624327,2.7442520672589947
68985,1,0.0,20766.0,21.1,1.03,-1.9009239331289012,0.6679348267925905,1.5592268299999479,0.7593972196168323
539514,0,79.33,17248.0,13.06,1.02,0.8558157620105761,0.41325502402003267,-1.221231975176511,0.7171662654116798
795082,1,6.99,10706.0,17.91,1.07,-1.6580194774497765,-0.0603422669799882,0.45603484137893957,0.928321036437442
1014290,0,84.63,4417.0,12.74,0.72,1.0399922448574086,-0.5156240406117722,-1.3318970022482108,-0.5497623607428924
815166,1,13.18,16324.0,18.64,1.0,-1.4429152455965892,0.3463635692838634,0.708489434386255,0.632704357001375
440553,1,12.52,7080.0,19.39,0.9,-1.4658504302529873,-0.32284055147495544,0.9678605915855515,0.210394814949851
904579,1,48.97,6917.0,19.95,1.07,-0.19920273218373288,-0.3346406674078511,1.1615243889610258,0.928321036437442
727900,1,0.0,1790.0,19.5,1.0,-1.9009239331289012,-0.7058013691744526,1.005901694641448,0.632704357001375
112832,1,45.01,3355.0,18.2,1.16,-0.33681384012212107,-0.592505777548798,0.5563250221626672,1.308399624283813
967003,1,4.61,5668.0,19.49,0.36,-1.7407251433319393,-0.4250599606605301,1.0024434125454569,-2.0700767121283787
209887,1,46.68,2287.0,19.99,1.47,-0.2787808728854775,-0.669821874581513,1.175357517344988,2.6175592046435376
591508,1,43.16,9898.0,20.01,1.17,-0.4011018577196004,-0.11883609319949551,1.1822740815369703,1.3506305784889654
459687,1,35.77,1403.0,21.05,0.94,-0.6579064253116932,-0.7338175953464195,1.5419354195199944,0.37931863177046027
1019816,0,100.0,702.0,13.38,0.98,1.574104045113223,-0.7845653331927991,-1.110566948104811,0.54824244859107
716741,0,100.0,39183.0,18.1,0.88,1.574104045113223,2.0012031405112367,0.5217422012027618,0.1259329065395461
1048856,1,21.83,11726.0,17.46,0.82,-1.1423253254786454,0.01349894928721163,0.3004121470593619,-0.1274528186913685
486714,1,29.23,15686.0,18.89,0.98,-0.8851732550887281,0.3001766124422227,0.7949464867860204,0.54824244859107
814830,0,66.36,2533.0,17.47,0.77,0.40510463323257256,-0.6520131106582472,0.30387042915535184,-0.33860758971713023
150157,1,50.79,3124.0,18.58,0.94,-0.13595722297972623,-0.6092286412328403,0.6877397418103105,0.37931863177046027
422736,0,100.0,43738.0,14.26,0.46,1.574104045113223,2.330954846488781,-0.8062381236576368,-1.6477671700768546
173454,1,27.4,14945.0,19.17,0.99,-0.9487662670905591,0.24653314062458048,0.8917783854737582,0.5904734027962225
767089,1,56.92,15232.0,19.41,0.98,0.07706199208651608,0.26731003186839064,0.9747771557775325,0.54824244859107
188066,0,83.54,2946.0,12.57,0.59,1.0021144398945698,-0.6221146574049594,-1.3906877978800514,-1.0987647654098738
614523,1,26.82,24607.0,19.32,0.91,-0.9689214293643634,0.9459976813830949,0.943652616913617,0.2526257691550034
93043,0,64.72,2567.0,13.42,1.07,0.3481141743894017,-0.6495517367826739,-1.096733819720849,0.928321036437442
900088,0,67.04,18132.0,14.72,1.18,0.4287348234846192,0.4772507447849392,-0.647157147242068,1.3928615326941178
31177,0,97.03,2278.0,15.65,0.61,1.470895714159432,-0.6704734147250472,-0.3255369123149405,-1.014302856999569
203021,1,17.53,13997.0,20.89,1.12,-1.2917515285430567,0.1779042455056536,1.4866029059841444,1.139475807463204
836252,1,40.57,14846.0,19.27,1.02,-0.4911050823560713,0.23936619904570522,0.9263612064336637,0.7171662654116798
575483,1,53.16,1804.0,17.88,0.6,-0.05359905989538796,-0.7047878622845106,0.4456599950909673,-1.0565338112047213
120568,1,63.44,2503.0,19.07,0.77,0.3036338162679025,-0.6541849111366942,0.8571955645138515,-0.33860758971713023
641001,0,63.55,19163.0,13.31,0.46,0.3074563470439688,0.5518882878942363,-1.1347749227767454,-1.6477671700768546
565445,0,83.66,9690.0,12.95,0.89,1.00628447346846,-0.13389390985006175,-1.2592730782324082,0.16816386074469855
695916,1,22.85,12276.0,18.51,1.1,-1.1068800401005756,0.05331529139207428,0.6635317671383772,1.0550138990528992
734958,0,84.4,25096.0,14.74,0.79,1.031999680507452,0.9813980291817819,-0.6402405830500869,-0.25414568130682536
123033,0,100.0,14855.0,12.48,0.71,1.574104045113223,0.24001773918923933,-1.421812336743967,-0.5919933149480449
47312,0,88.96,8166.0,13.97,0.73,1.1904609563152924,-0.2442213741551721,-0.9065283044413646,-0.50753140653774
772461,0,84.84,6669.0,13.21,0.34,1.0472898036117173,-0.35259421802968005,-1.1693577437366516,-2.1545386205386836
580710,0,96.16,1890.0,15.12,0.81,1.4406629707487255,-0.6985620342462957,-0.5088258634024437,-0.1696837728965205
703719,1,21.01,2068.0,17.53,0.89,-1.1708205549002306,-0.6856760180741766,0.32462012173129634,0.16816386074469855
170608,0,97.07,12897.0,15.67,0.78,1.4722857253507287,0.09827156129592829,-0.31862034812295936,-0.2963766355119778
542921,0,100.0,14826.0,15.84,0.78,1.574104045113223,0.23791833206007384,-0.25982955249111883,-0.2963766355119778
464708,1,38.82,72132.0,19.36,1.03,-0.5519180719753085,4.386491605989636,0.9574857452975792,0.7593972196168323
653900,0,64.62,24341.0,16.83,0.91,0.3446391464111598,0.9267410504741977,0.08254037501195198,0.2526257691550034
767176,1,23.81,6804.0,18.82,1.17,-1.0735197715094513,-0.3428211158766683,0.7707385121140861,1.3506305784889654
768294,1,30.19,3896.0,19.57,0.97,-0.8518129864976037,-0.5533409755874694,1.0301096693133824,0.5060114943859175
693897,0,70.84,23575.0,14.63,0.68,0.5607858866578198,0.8712877449245162,-0.6782816861059835,-0.7186861775635017
204625,1,39.22,35775.0,20.46,1.03,-0.53801796006234,1.7544866061596514,1.3378967758565479,0.7593972196168323
483696,1,17.52,24936.0,20.78,0.95,-1.292099031340881,0.969815093296731,1.4485618029282479,0.4215495859756127
652213,0,98.16,14040.0,14.13,0.7,1.5101635303135679,0.18101715952476102,-0.8511957909055146,-0.6342242691531973
61746,1,23.51,14736.0,21.37,1.09,-1.0839448554441777,0.2314029306247327,1.6526004465916944,1.0127829448477468
283701,1,43.54,10157.0,18.57,1.16,-0.38789675140228025,-0.10008621573556928,0.6842814597143205,1.308399624283813
175435,1,25.09,6675.0,19.05,0.79,-1.0290394133879521,-0.3521598579339906,0.8502790003218704,-0.25414568130682536
688939,0,76.48,37878.0,14.93,0.63,0.7567774646306756,1.9067298196987899,-0.5745332232262653,-0.9298409485892639
553155,1,28.79,7197.0,18.68,0.97,-0.9004633781929936,-0.3143705296090119,0.7223225627702171,0.5060114943859175
304557,0,64.94,2760.0,13.87,0.85,0.3557592359415343,-0.6355798203713312,-0.9411111254012712,-0.0007599560759112111
137357,0,98.25,1278.0,14.79,0.67,1.513291055493986,-0.7428667640066156,-0.6229491725701342,-0.7609171317686542
641377,1,37.17,17912.0,20.58,0.81,-0.6092560336163034,0.4613242079429941,1.3793961610084344,-0.1696837728965205
159675,0,79.7,8714.0,12.99,0.87,0.868673365530072,-0.20454981874887257,-1.2454399498484454,0.08370195233439366
672631,0,100.0,1823.0,13.27,0.56,1.574104045113223,-0.7034123886481608,-1.1486080511607082,-1.2254576280253304
1023312,1,33.11,3636.0,18.72,1.28,-0.7503421695329338,-0.5721632464006772,0.7361556911541793,1.8151710747456422
430202,1,65.54,2689.0,18.56,0.78,0.37660940381098734,-0.6407197481703225,0.6808231776183293,-0.2963766355119778
950271,1,40.8,7771.0,20.92,1.31,-0.4831125180061145,-0.2728167471213916,1.4969777522721168,1.9418639373610995
185982,1,50.47,20982.0,19.83,1.06,-0.14707731251010103,0.6835717902374092,1.120025003809138,0.8860900822322896
594820,1,14.71,27189.0,18.98,0.98,-1.3897473175294845,1.1329173092281046,0.826071025649936,0.54824244859107
934954,1,11.93,1913.0,18.74,1.17,-1.4863530953246158,-0.6968969872128197,0.7430722553461604,1.3506305784889654
683598,0,96.23,24916.0,15.81,0.83,1.4430954903334952,0.9683672263110996,-0.27020439877909047,-0.08522186448621609
890553,1,19.01,2187.0,18.15,0.79,-1.2403211144650732,-0.6770612095096699,0.5390336116827139,-0.25414568130682536
592358,1,22.06,4545.0,19.92,0.98,-1.1343327611286884,-0.5063576919037315,1.1511495426730547,0.54824244859107
628612,0,70.75,14997.0,11.83,0.71,0.5576583614774018,0.2502975947872221,-1.6466006729833573,-0.5919933149480449
191115,0,54.0,7999.0,13.92,0.77,-0.024408824878154,-0.256311063485194,-0.9238197149213179,-0.33860758971713023
770803,1,21.7,34823.0,22.06,0.78,-1.14684286185036,1.6855681376435983,1.8912219112150463,-0.2963766355119778
771011,1,10.33,2607.0,17.0,0.86,-1.5419535429764897,-0.6466560028114111,0.1413311706437931,0.041470998129241224
845026,1,23.07,1980.0,18.17,0.93,-1.099234978548443,-0.6920466328109546,0.5459501758746962,0.3370876775653083
942972,0,67.73,18516.0,14.53,0.97,0.4527125165344898,0.5050497909090614,-0.7128645070658902,0.5060114943859175
707230,1,62.77,4877.0,18.63,1.05,0.2803511288136804,-0.48232309994225075,0.7050311522902638,0.8438591280271371
637048,1,59.24,2129.0,18.35,0.9,0.1576826411817334,-0.6812600237680009,0.6081992536025272,0.210394814949851
785422,0,84.73,25192.0,13.54,0.7,1.0434672728356509,0.9883477907128124,-1.0552344345689617,-0.6342242691531973
785898,1,39.07,1377.0,19.43,1.27,-0.5432305020297031,-0.7356998224277403,0.9816937199695136,1.7729401205404898
568578,1,63.88,1587.0,17.96,0.95,0.31892393937216795,-0.720497219078611,0.47332625185889293,0.4215495859756127
950448,0,69.57,14470.0,14.19,0.5,0.5166530313341445,0.21214629971583548,-0.8304460983295713,-1.478843353256245
685876,0,100.0,2472.0,13.28,0.29,1.574104045113223,-0.6564291049644229,-1.1451497690647177,-2.365693391564446
4902,0,100.0,1696.0,13.35,0.6,1.574104045113223,-0.71260634400692,-1.1209417943927833,-1.0565338112047213
209927,1,12.9,2903.0,19.97,0.87,-1.4526453239356671,-0.6252275714240668,1.168440953153007,0.08370195233439366
377413,0,73.95,4334.0,14.59,0.57,0.6688592567811499,-0.5216326886021424,-0.6921148144899464,-1.1832266738201787
297947,0,99.07,42249.0,18.31,0.41,1.5417862849155712,2.2231611494085257,0.5943661252185639,-1.8589219411026168
674115,1,38.48,3456.0,17.91,1.02,-0.5637331671013318,-0.5851940492713595,0.45603484137893957,0.7171662654116798
698027,0,66.18,1588.0,12.52,0.51,0.398849582871737,-0.7204248257293294,-1.4079792083600047,-1.4366123990510926
529409,1,35.71,4194.0,19.59,1.19,-0.6599914420986385,-0.531767757501562,1.0370262335053637,1.4350924868992703
930403,1,47.04,58612.0,20.01,1.29,-0.2662707721638059,3.40773352370283,1.1822740815369703,1.8574020289507946
907727,0,98.85,5167.0,14.02,1.08,1.5341412233634386,-0.4613290286505959,-0.8892368939614118,0.9705519906425945
152982,0,73.81,1704.0,12.68,0.57,0.6639942176116109,-0.7120271972126675,-1.352646694824155,-1.1832266738201787
410486,1,49.0,1653.0,18.7,0.87,-0.19816022379026021,-0.7157192580260274,0.7292391269621983,0.08370195233439366
836655,1,36.68,1985.0,20.31,1.09,-0.6262836707096899,-0.6916846660645467,1.286022544416688,1.0127829448477468
209953,1,60.46,-403.0,20.24,0.9,0.20007798251628725,-0.8645599841489322,1.2618145697447534,0.210394814949851
523867,1,29.7,15926.0,18.11,0.8,-0.8688406235909902,0.31755101626979915,0.5252004832987517,-0.21191472710167295
639628,1,34.24,7061.0,21.26,1.11,-0.7110743533787977,-0.3242160251113052,1.6145593435357977,1.0972448532580517
228108,1,45.53,12325.0,19.6,1.2,-0.31874369463526186,0.05686256550687113,1.0404845156013547,1.4773234411044227
483553,0,53.5,41.0,15.3,1.01,-0.04178396476936462,-0.8324173370679158,-0.446576785674612,0.6749353112065274
205469,0,97.62,5471.0,11.48,0.63,1.4913983792310608,-0.43932145046899906,-1.767640546343029,-0.9298409485892639
831739,1,9.7,60650.0,19.57,0.81,-1.563846219239415,3.5552711695386665,1.0301096693133824,-0.1696837728965205
499681,0,85.79,11574.0,14.89,0.69,1.0803025694050175,0.002495160196413223,-0.5883663516102275,-0.6764552233583497
379760,1,21.95,3651.0,19.8,1.04,-1.1381552919047548,-0.5710773461614537,1.109650157521167,0.8016281738219847
774204,0,93.14,773.0,12.02,0.61,1.3357171258058134,-0.7794254053938077,-1.5808933131595357,-1.014302856999569
274679,1,20.24,1859.0,20.04,0.76,-1.1975782703326954,-0.7008062280740244,1.1926489278249413,-0.38083854392228267
718982,1,13.73,2287.0,20.69,0.97,-1.4238025917162573,-0.669821874581513,1.4174372640643322,0.5060114943859175
902839,1,35.79,19478.0,17.21,1.18,-0.6572114197160449,0.5746921929179303,0.21395509465959642,1.3928615326941178
779700,0,65.71,9981.0,15.06,0.9,0.38251695137399855,-0.11282744520912533,-0.529575555978387,0.210394814949851
605845,1,45.89,17533.0,18.43,0.83,-0.3062335939135903,0.43388712856527967,0.6358655103704517,-0.08522186448621609
920701,0,76.39,22425.0,16.97,0.5,0.7536499394502576,0.7880353932507126,0.13095632435582086,-1.478843353256245
999384,0,99.61,997.0,15.58,0.76,1.5605514359980788,-0.7632092951547363,-0.3497448869868749,-0.38083854392228267
442037,0,60.06,5343.0,13.43,0.71,0.1861778706033188,-0.44858779917703984,-1.0932755376248584,-0.5919933149480449
531272,0,81.16,8494.0,11.73,0.68,0.9194087740124068,-0.22047635559081763,-1.6811834939432635,-0.7186861775635017
719837,0,76.44,7748.0,17.95,0.74,0.7553874534393786,-0.2744817941548677,0.46986796976290174,-0.46530045233258754
488476,0,100.0,26647.0,14.92,0.69,1.574104045113223,1.0936801139174945,-0.5779915053222558,-0.6764552233583497
183012,1,49.01,13777.0,19.36,0.96,-0.19781272099243608,0.16197770866370853,0.9574857452975792,0.46378054018076514
60521,0,67.84,9834.0,13.62,0.56,0.4565350473105561,-0.1234692675535159,-1.0275681778010366,-1.2254576280253304
980089,0,93.35,1440.0,12.16,0.43,1.3430146845601216,-0.7311390414230016,-1.5324773638156668,-1.774460032692312
436570,0,73.52,9032.0,15.73,0.82,0.6539166364747085,-0.1815287336773338,-0.2978706555470155,-0.1274528186913685
934804,0,100.0,39691.0,15.28,0.77,1.574104045113223,2.0379789619462736,-0.45349334986659373,-0.33860758971713023
159851,1,41.04,2792.0,18.86,1.03,-0.47477245085833336,-0.633263233194321,0.7845716404980482,0.7593972196168323
221995,1,17.05,17455.0,20.44,0.85,-1.308431662838619,0.42824044732131733,1.3309802116645668,-0.0007599560759112111
348400,0,73.66,4020.0,13.63,0.82,0.6587816756442475,-0.5443642002765549,-1.0241098957050456,-0.1274528186913685
805046,0,100.0,18887.0,14.23,0.99,1.574104045113223,0.5319077234925234,-0.8166129699456085,0.5904734027962225
526557,1,51.95,3827.0,19.6,1.16,-0.09564689843211745,-0.5583361166878976,1.0404845156013547,1.308399624283813
213402,0,87.62,17333.0,14.48,0.67,1.1438955814068483,0.419408458708966,-0.730155917545843,-0.7609171317686542
703332,0,61.44,6722.0,15.33,0.73,0.23413325670305996,-0.3487573705177569,-0.4362019393866404,-0.50753140653774
795458,1,12.67,32762.0,20.99,0.87,-1.460637888285624,1.5363654447742856,1.5211857269440499,0.08370195233439366
259802,1,32.47,1866.0,18.66,0.92,-0.7725823485936834,-0.7002994746290534,0.7154059985782361,0.29485672336015584
1021063,1,24.23,1799.0,19.77,0.95,-1.0589246540008344,-0.7051498290309184,1.0992753112331948,0.4215495859756127
448885,0,53.57,11083.0,14.85,0.67,-0.03935144518459512,-0.033049974300836886,-0.6021994799941903,-0.7609171317686542
168775,1,16.0,1524.0,17.45,0.93,-1.3449194566101612,-0.7250580000833498,0.2969538649633708,0.3370876775653083
702323,1,31.72,5054.0,19.1,0.73,-0.7986450584304994,-0.4695094771194131,0.8675704108018237,-0.50753140653774
155807,1,0.0,32462.0,19.15,1.02,-1.9009239331289012,1.514647439989815,0.8848618212817759,0.7171662654116798
475254,0,80.24,3537.0,11.4,0.55,0.8874385166125792,-0.5793301879795525,-1.795306803110954,-1.2676885822304829
356638,0,58.61,929.0,13.94,0.54,0.1357899649188079,-0.768132042905883,-0.9169031507293368,-1.3099195364356353
101357,0,96.65,18.0,16.5,0.66,1.4576906078421121,-0.8340823841013919,-0.03158293415573789,-0.8031480859738066
84241,1,45.45,2210.0,20.54,1.12,-0.32152371701785554,-0.6753961624761938,1.3655630326244723,1.139475807463204
491600,1,23.74,6554.0,17.75,0.93,-1.075952291094221,-0.3609194531970604,0.4007023278430896,0.3370876775653083
170251,1,72.26,21834.0,19.63,0.83,0.6101312839488581,0.7452509238253056,1.0508593618893258,-0.08522186448621609
314015,1,8.63,3261.0,20.23,0.95,-1.6010290186066056,-0.5993107523812654,1.2583562876487635,0.4215495859756127
65272,1,31.97,1954.0,19.05,0.93,-0.789957488484894,-0.6939288598922754,0.8502790003218704,0.3370876775653083
482233,1,12.19,2698.0,17.7,1.14,-1.4773180225811862,-0.6400682080267884,0.38341091736313626,1.223937715873508
479826,1,19.85,3855.0,18.9,0.99,-1.2111308794478395,-0.5563091029080137,0.7984047688820104,0.5904734027962225
178772,1,55.55,4685.0,18.8,0.87,0.029454108784598827,-0.49622262300431186,0.7638219479221049,0.08370195233439366
838033,0,100.0,13998.0,15.23,0.86,1.574104045113223,0.17797663885493517,-0.4707847603465465,0.041470998129241224
739136,0,63.56,28175.0,15.4,1.06,0.30780384984179315,1.2042971516197312,-0.41199396471470595,0.8860900822322896
27872,1,16.41,3655.0,19.21,0.95,-1.3306718418993686,-0.5707877727643274,0.9056115138577204,0.4215495859756127
224537,1,11.71,22800.0,19.03,1.43,-1.4939981568767484,0.8151828992313007,0.8433624361298894,2.448635387822928
49932,0,100.0,5517.0,14.87,0.51,1.574104045113223,-0.4359913564020469,-0.5952829158022092,-1.4366123990510926
925181,1,26.74,17053.0,17.24,0.88,-0.9717014517469571,0.3991383209101268,0.22432994094756745,0.1259329065395461
246789,1,40.64,2787.0,19.64,0.99,-0.4886725627713018,-0.6336251999407289,1.054317643985317,0.5904734027962225
711783,0,100.0,1833.0,14.93,0.73,1.574104045113223,-0.7026884551553451,-0.5745332232262653,-0.50753140653774
503613,1,30.13,59552.0,18.38,1.17,-0.8538980032845491,3.4757832720275044,0.6185740998904983,1.3506305784889654
187014,1,36.78,3399.0,19.56,0.86,-0.6228086427314478,-0.5893204701804089,1.0266513872173915,0.041470998129241224
99868,0,76.2,971.0,14.88,0.79,0.7470473862915977,-0.7650915222360571,-0.5918246337062181,-0.25414568130682536
1000905,0,57.07,165.0,13.45,0.73,0.08227453405387923,-0.8234405617570013,-1.0863589734328771,-0.50753140653774
39832,1,32.28,1813.0,21.01,1.27,-0.7791849017523433,-0.7041363221409764,1.5281022911360322,1.7729401205404898
121152,0,96.03,1203.0,11.88,0.69,1.4361454343770108,-0.7482962652027333,-1.629309262503404,-0.6764552233583497
843639,1,38.0,3173.0,19.3,0.88,-0.5804133013968938,-0.6056813671180434,0.936736052721636,0.1259329065395461
856592,0,82.44,8286.0,14.48,0.95,0.963889132133906,-0.23553417224138387,-0.730155917545843,0.4215495859756127
382253,1,47.94,2937.0,19.34,1.07,-0.2349955203596268,-0.6227661975484935,0.9505691811055981,0.928321036437442
460147,0,93.5,5443.0,14.1,0.86,1.348227226527485,-0.44134846424888297,-0.8615706371934868,0.041470998129241224
470906,1,7.19,2344.0,19.12,1.16,-1.6510694214932924,-0.6656954536724636,0.8744869749938049,1.308399624283813
222708,0,88.2,17394.0,17.31,0.8,1.1640507436806526,0.42382445301514166,0.2485379156195019,-0.21191472710167295
944964,1,22.15,905.0,19.58,0.64,-1.1312052359482707,-0.7698694832886407,1.0335679514093725,-0.8876099943841115
662406,1,15.46,28564.0,20.53,0.81,-1.3636846076926687,1.2324581644902612,1.3621047505284822,-0.1696837728965205
380194,1,32.68,3064.0,19.94,0.92,-0.7652847898393749,-0.6135722421897344,1.1580661068650357,0.29485672336015584
671723,0,61.98,1812.0,12.73,0.75,0.25289840778556744,-0.7042087154902581,-1.3353552843442014,-0.4230694981274351
413328,1,35.84,4052.0,20.59,0.74,-0.6554739057269237,-0.5420476130995447,1.3828544431044256,-0.46530045233258754
700715,1,31.33,13771.0,21.42,1.09,-0.8121976675456436,0.16154334856801914,1.6698918570716477,1.0127829448477468
528838,0,82.7,14593.0,13.52,1.08,0.9729242048773358,0.22105068167746839,-1.0621509987609428,0.9705519906425945
826248,1,16.91,4484.0,18.89,1.08,-1.313296702008158,-0.5107736862099072,0.7949464867860204,0.9705519906425945
883859,0,100.0,11274.0,14.4,0.91,1.574104045113223,-0.019222844588057314,-0.757822174313768,0.2526257691550034
400031,0,56.27,1523.0,15.89,0.43,0.05447431022794233,-0.7251303934326313,-0.2425381420111655,-1.774460032692312
1014134,0,73.31,22422.0,15.44,1.0,0.6466190777204003,0.7878182132028678,-0.3981608363307438,0.632704357001375
51230,0,89.43,5309.0,13.12,0.77,1.206793587813031,-0.45104917305261316,-1.2004822826005677,-0.33860758971713023
207846,1,51.59,15799.0,19.59,0.77,-0.10815699915378908,0.3083570609110399,1.0370262335053637,-0.33860758971713023
341448,1,37.51,845.0,17.94,1.19,-0.5974409384902803,-0.7742130842455347,0.4664096876669118,1.4350924868992703
322597,1,41.13,2843.0,19.71,1.06,-0.4716449256779153,-0.6295711723809609,1.0785256186572514,0.8860900822322896
118910,1,23.37,4496.0,18.85,0.85,-1.0888098946137166,-0.5099049660185283,0.7811133584020583,-0.0007599560759112111
321105,1,31.26,3637.0,20.6,0.94,-0.814630187130413,-0.5720908530513956,1.3863127252004168,0.37931863177046027
913039,0,77.69,370.0,13.1,0.41,0.7988253031674052,-0.8085999251542798,-1.2073988467925487,-1.8589219411026168
168398,1,19.97,2274.0,19.5,1.11,-1.206960845873949,-0.6707629881221734,1.005901694641448,1.0972448532580517
1034364,0,83.94,2902.0,16.69,0.59,1.0160145518075379,-0.6252999647733485,0.03412442566808433,-1.0987647654098738
553929,0,84.81,18748.0,13.14,0.83,1.0462472952182447,0.5218450479423853,-1.193565718408586,-0.08522186448621609
824947,1,2.47,3794.0,17.41,1.78,-1.8150907420663207,-0.5607250972141894,0.28312073657940856,3.926718785003262
800987,0,91.42,31765.0,16.26,0.72,1.275946644580049,1.4641892755405619,-0.11458170445951223,-0.5497623607428924
752731,1,42.79,1562.0,18.75,1.1,-0.41395946123909616,-0.7223070528106502,0.7465305374421516,1.0550138990528992
95607,1,27.42,2482.0,18.44,0.92,-0.9480712614949106,-0.6557051714716072,0.6393237924664428,0.29485672336015584
109382,1,48.44,4948.0,18.27,1.25,-0.2176203804684162,-0.4771831721432594,0.5805329968346017,1.688478212130185
555607,0,72.99,13935.0,13.0,0.7,0.6354989881900253,0.17341585785019634,-1.2419816677524549,-0.6342242691531973
868262,0,100.0,52993.0,15.76,0.81,1.574104045113223,3.000955294089697,-0.28749580925904383,-0.1696837728965205
1010576,1,18.22,4230.0,17.8,1.44,-1.267773835493186,-0.5291615969274255,0.41799373832304293,2.49086634202808
673481,0,80.2,943.0,15.85,1.03,0.8860485054212827,-0.767118536015941,-0.2563712703951283,0.7593972196168323
313515,0,100.0,2770.0,11.34,0.4,1.574104045113223,-0.6348558868785155,-1.8160564956868979,-1.901152895307769
829472,0,53.23,2300.0,13.19,0.98,-0.051166540310618465,-0.6688807610408526,-1.1762743079286333,0.54824244859107
290937,0,87.4,37625.0,15.73,0.74,1.1362505198547157,1.888414302330553,-0.2978706555470155,-0.46530045233258754
506410,0,74.67,8174.0,13.95,0.56,0.6938794582244932,-0.24364222736091953,-0.9134448686333462,-1.2254576280253304
226793,0,76.99,19776.0,14.87,0.69,0.7745001073197102,0.5962654110038377,-0.5952829158022092,-0.6764552233583497
824176,0,77.89,9656.0,13.45,0.91,0.8057753591238895,-0.13635528372563507,-1.0863589734328771,0.2526257691550034
553943,1,36.97,1245.0,20.49,0.84,-0.6162060895727878,-0.7452557445329073,1.348271622144519,-0.04299091028106365
516343,0,83.15,2355.0,13.76,0.65,0.9885618307794254,-0.6648991268303663,-0.9791522284571679,-0.845379040178959
223061,0,92.66,37946.0,16.97,1.13,1.3190369915102511,1.9116525674499365,0.13095632435582086,1.1817067616683556
592679,1,70.16,3487.0,18.54,0.78,0.5371556964057732,-0.5829498554436309,0.6739066134263483,-0.2963766355119778
292798,0,71.87,1602.0,11.74,0.72,0.5965786748337137,-0.7194113188393875,-1.677725211847273,-0.5497623607428924
397846,0,76.81,5584.0,11.11,1.06,0.7682450569588747,-0.43114100200018185,-1.8955969838946822,0.8860900822322896
933260,1,0.0,339.0,18.37,1.2,-1.9009239331289012,-0.8108441189820084,0.6151158177945084,1.4773234411044227
918245,0,95.44,5553.0,14.56,0.55,1.4156427693053821,-0.43338519582791046,-0.702489660777918,-1.2676885822304829
110511,1,37.85,3408.0,20.72,1.28,-0.585625843364257,-0.5886689300368748,1.4278121103523034,1.8151710747456422
1025502,0,90.02,2430.0,14.7,0.5,1.227296252884659,-0.6594696256342487,-0.6540737114340497,-1.478843353256245
1048906,1,53.7,11415.0,19.17,0.79,-0.034833908812880274,-0.009015382339356162,0.8917783854737582,-0.25414568130682536
321040,0,72.25,2447.0,14.38,0.44,0.6097837811510337,-0.6582389386964621,-0.764738738505749,-1.7322290784871595
247637,1,38.32,1211.0,17.38,0.91,-0.569293211866519,-0.7477171184084807,0.2727458902914363,0.2526257691550034
977247,0,88.33,8836.0,15.29,0.82,1.1685682800523671,-0.19571783013652122,-0.4500350677706032,-0.1274528186913685
325632,1,35.76,24640.0,18.06,1.32,-0.6582539281095175,0.9483866619093867,0.5079090728187984,1.984094891566252
284851,0,100.0,56713.0,15.73,0.79,1.574104045113223,3.2702585534171313,-0.2978706555470155,-0.25414568130682536
441797,0,83.06,40223.0,17.29,0.55,0.9854343055990074,2.0764922237640677,0.24162135142752078,-1.2676885822304829
596279,0,91.55,12157.0,13.2,0.87,1.2804641809517636,0.04470048282756763,-1.1728160258326428,0.08370195233439366
67909,0,61.47,50396.0,14.74,0.67,0.23517576509653265,2.8129497660054636,-0.6402405830500869,-0.7609171317686542
109745,1,34.18,45939.0,19.97,0.94,-0.713159370165743,2.490292608257513,1.168440953153007,0.37931863177046027
135525,1,27.99,8094.0,17.55,0.62,-0.9282636020189305,-0.249433695303445,0.33153668592327745,-0.9720719027944164
426680,1,43.72,34042.0,19.04,1.08,-0.3816417010414444,1.6290289318546933,0.8468207182258792,0.9705519906425945
89268,0,75.41,2635.0,13.44,0.71,0.7195946652634847,-0.6446289890315272,-1.0898172555288677,-0.5919933149480449
585682,1,24.0,22716.0,19.43,1.12,-1.0669172183507913,0.809101857891649,0.9816937199695136,1.139475807463204
640609,0,80.41,35863.0,13.54,0.94,0.8933460641755909,1.7608572208964295,-1.0552344345689617,0.37931863177046027
865971,1,45.91,1195.0,18.99,1.17,-0.30553858831794195,-0.7488754119969858,0.8295293077459259,1.3506305784889654
350948,1,26.87,1843.0,17.85,1.31,-0.9671839153752423,-0.7019645216625294,0.4352851488029963,1.9418639373610995
1031782,0,75.85,19247.0,15.02,0.72,0.73488478836775,0.557969329233888,-0.5434086843623498,-0.5497623607428924
298656,0,100.0,1295.0,16.22,0.33,1.574104045113223,-0.741636077068829,-0.12841483284347563,-2.1967695747438363
777703,1,34.37,18425.0,19.61,0.98,-0.7065568170070831,0.4984619961244387,1.0439427976973448,0.54824244859107
3748,1,13.94,1158.0,20.07,0.85,-1.416505032961949,-0.7515539659204038,1.2030237741129135,-0.0007599560759112111
788303,1,37.04,8023.0,20.66,0.99,-0.6137735699880184,-0.25457362310243636,1.40706241777636,0.5904734027962225
677882,1,6.44,1600.0,18.54,0.73,-1.6771321313301084,-0.7195561055379506,0.6739066134263483,-0.50753140653774
362775,1,5.88,3259.0,17.96,0.75,-1.6965922880082642,-0.5994555390798285,0.47332625185889293,-0.4230694981274351
383907,1,43.08,6146.0,19.08,1.24,-0.40388188010219406,-0.3904559397039404,0.8606538466098415,1.6462472579250325
829715,1,65.35,4007.0,18.73,0.93,0.3700068506523269,-0.5453053138172153,0.7396139732501705,0.3370876775653083
934810,0,61.69,3647.0,14.75,0.2,0.24282082664866528,-0.5713669195585799,-0.6367823009540964,-2.745771979410817
430738,0,73.66,1834.0,13.99,0.68,0.6587816756442475,-0.7026160618060635,-0.8996117402493834,-0.7186861775635017
388572,1,49.8,17871.0,19.94,0.98,-0.17035999996432333,0.4583560806224498,1.1580661068650357,0.54824244859107
