PCI,R,AR,YSM,RT,AT,AADT,PC_结构型,PC_环境型,PC_效率型,S,cluster,priority_raw,priority
87.09,14.78,50.26,5,2,1,4424,-1.238770037566725,-0.8404793150362849,-0.030194667029794585,-0.7090153372858108,0,1,紧急
32.71,19.24,79.99,8,2,2,19283,1.188101066413276,0.7516895877856183,0.5087760236154748,0.8187900716778053,1,2,高
27.42,19.69,75.16,18,1,1,3442,1.428129647244432,1.9811536319499985,-0.9768223816579006,0.8269070533222147,1,2,高
53.42,12.94,54.76,2,1,1,1697,-0.8613744101932654,-1.0896104272276446,-1.0646675630078437,-1.0047591322833296,0,1,紧急
78.49,13.74,51.42,6,1,1,1906,-1.2817684456375416,-0.6530686660973233,-1.0541462776771056,-0.9956176624794165,0,1,紧急
37.95,17.92,70.97,5,1,2,5084,0.7365534927504394,-0.02790810136527805,-1.1032097207560128,-0.12310836056099753,3,4,低
54.86,15.28,63.61,6,2,1,12722,-0.32454063361629587,-0.1747855615753738,0.38753559935520826,-0.04099885730272279,3,4,低
87.14,14.88,60.78,7,2,1,7549,-1.2155448982775288,-0.14392532994917487,0.12712120214990338,-0.41523877249375324,3,4,低
20.52,18.68,74.4,6,1,2,1981,1.3506946939177322,0.24856757195964163,-1.2594180862166857,0.12515962358560956,3,4,低
32.58,17.87,77.97,6,2,2,11485,0.856279110193627,0.3886389979763239,0.11621629629922366,0.45657075604608666,1,2,高
16.65,19.29,93.94,20,1,1,2871,1.5949568052453458,3.001794445860021,-1.0055671372744148,1.217107982706262,2,3,中
91.99,14.45,49.74,4,2,1,4786,-1.439870979933819,-1.0027791200955054,-0.011971196744018385,-0.8252489479839706,0,1,紧急
85.06,13.51,57.65,1,1,2,2219,-1.499451145456733,-1.1181165172401177,-1.24743690961996,-1.2885804462003008,0,1,紧急
42.89,18.04,61.51,21,3,2,38137,0.6445115265039483,1.8712781480481802,2.3550994867170405,1.6174989146434389,2,3,中
4.15,18.58,83.76,13,3,1,78486,1.728487181059343,1.6090943745493724,4.595359037887056,2.6269068148540904,2,3,中
45.01,19.08,96.16,5,2,2,17639,0.8467375215399383,0.9604390194639186,0.4260152911574193,0.7472670798876215,1,2,高
62.55,16.7,34.62,4,3,1,16719,-0.16625732191602655,-1.596022806754396,1.485941664567887,-0.10660615129304829,3,4,低
44.33,19.34,75.23,7,3,2,20127,0.9270263320624949,0.4230304420231116,1.4484566694606054,0.9280907687648502,1,2,高
32.45,18.38,91.93,5,2,2,6908,0.9841876015842034,0.7944720356962532,-0.1141948183361292,0.5607187104429963,1,2,高
37.14,19.39,72.04,8,1,2,2504,1.115927025156742,0.439765823966956,-1.2330897023507714,0.1192594394399824,3,4,低
37.84,18.99,93.37,12,2,2,15505,1.0009115253659056,1.8442521452741838,0.31858743041198717,1.0613981686005882,2,3,中
100.0,12.49,37.82,2,3,1,37355,-2.115987414757755,-1.7542630761695497,2.524780153013406,-0.47484788364455643,3,4,低
41.53,18.78,75.25,8,1,2,1991,0.8588873914183429,0.5657124003012838,-1.2589146754353107,0.06683670351678023,3,4,低
87.95,11.44,37.64,5,1,1,1729,-2.076657250786038,-1.3356337677899357,-1.0630566485074437,-1.4953690809683364,0,1,紧急
15.44,19.88,85.48,6,2,2,12525,1.768966225567433,0.6832990566276647,0.16857101756222714,0.8795514705467185,1,2,高
9.18,18.78,91.18,5,1,2,3365,1.6537967183200957,0.7650452655246814,-1.189746034074381,0.4236618437715802,1,2,高
55.87,16.49,47.59,7,3,1,32515,-0.053468172402348316,-0.6614441280332202,2.28112933482789,0.5062230026275232,1,2,高
74.78,14.43,48.51,3,2,1,13140,-1.0218748818964447,-1.1929362675838138,0.40857817001668467,-0.6111284087833457,0,1,紧急
23.84,20.27,68.64,6,1,2,3733,1.657929708448191,0.02256997704196881,-1.1712205173197798,0.18118984336234178,3,4,低
61.1,15.17,67.84,1,1,2,347,-0.5047700244803629,-0.7183047998423596,-1.3416754078933661,-0.8506496323492686,0,1,紧急
100.0,13.27,48.63,5,1,1,1691,-1.9252481864939375,-0.9044334955425012,-1.0649696094766687,-1.299976377227063,0,1,紧急
82.62,14.73,69.65,6,1,1,1899,-1.141159362757589,0.06219802753968595,-1.054498665224068,-0.7077226374577065,0,1,紧急
91.82,14.08,58.5,5,1,1,2117,-1.526172577681078,-0.5171772000846143,-1.0435243101900924,-1.0285147662560101,0,1,紧急
53.56,12.93,58.12,5,1,1,771,-0.8672598871021157,-0.532086763638211,-1.1112834013631718,-0.8343295503077257,0,1,紧急
35.3,17.36,72.35,5,2,2,5788,0.6647287283339448,0.02623715575041416,-0.17057682585013298,0.1763274741249796,3,4,低
24.82,19.05,67.94,7,3,2,36802,1.3355132771331757,0.13700223595543196,2.287894147403474,1.2438882152825976,2,3,中
77.07,14.25,43.08,8,1,1,1862,-1.1221618698048232,-0.6964998615913427,-1.0563612851151558,-0.9573360678685503,0,1,紧急
100.0,16.92,52.35,3,3,1,40536,-1.0326864132081242,-1.0422712043053652,2.684915122568804,0.1812232373387821,3,4,低
0.0,17.73,69.77,11,1,2,3437,1.6226047874476701,0.776392532801789,-1.1861214764484809,0.4181879596805557,1,2,高
19.7,18.86,81.91,5,2,2,16012,1.4148606088571591,0.40133038620405137,0.3441103570277014,0.7231327920288843,1,2,高
94.36,13.49,37.5,2,2,1,14133,-1.7328629687845973,-1.7668184981094206,0.45856686060722546,-1.0268226436575996,0,1,紧急
67.33,16.05,43.66,6,1,1,2249,-0.4426615963478386,-0.957537648139188,-1.0368792878759419,-0.810520691482849,0,1,紧急
43.8,14.36,36.89,8,2,1,13052,-0.27774703516473226,-0.9393688047407165,0.4041481551405844,-0.27720541090196177,3,4,低
50.25,14.4,56.34,3,2,1,10844,-0.4264559584901131,-0.8857207869926023,0.2929950546129769,-0.34550291313287296,3,4,低
15.88,18.92,87.49,13,1,1,1988,1.5233985025874548,1.7554435115359897,-1.0500183092698303,0.7589755672555047,1,2,高
27.55,18.21,73.41,13,2,1,17787,1.0630198078847481,1.203004946181679,0.6425131601216626,0.9724673283102839,1,2,高
33.23,12.94,54.97,6,2,1,12112,-0.36526253043603546,-0.5137819539518828,0.3568275416913312,-0.17884492466100776,3,4,低
72.05,12.67,57.24,8,2,1,13073,-1.3851788401940759,-0.14092244075206412,0.4052053177814719,-0.3801790577949761,3,4,低
70.81,14.46,50.45,4,3,1,37293,-0.9169872885578004,-0.9749217776664171,2.5216590061688806,0.18931784800847462,3,4,低
85.21,12.88,53.99,4,2,1,7836,-1.6571955766729274,-0.8360274224565974,0.14156909157536685,-0.7918684814793078,0,1,紧急
61.03,14.62,59.7,7,2,1,6957,-0.6375455830598081,-0.18629987899623843,0.09731928389250138,-0.24505757682410165,3,4,低
69.93,14.26,53.95,2,1,1,2426,-0.9442712835200145,-1.121391339012942,-1.027968917045604,-1.031294418983214,0,1,紧急
24.31,18.42,62.15,5,1,2,2146,1.193986470515286,-0.3739669185829643,-1.2511118083239978,-0.13432572028616552,3,4,低
27.21,21.75,73.79,12,1,2,2857,1.9370369931198952,1.0760172653283455,-1.2153193017682329,0.6151319475352499,1,2,高
49.7,13.22,50.42,2,3,2,17878,-0.7014954884419166,-1.2598933372871408,1.33523958472936,-0.2226353638129735,3,4,低
51.68,19.13,68.7,11,1,2,5514,0.6950680980697869,0.7344103406903466,-1.0815630571568864,0.12664533758139612,3,4,低
82.75,12.49,58.7,9,1,1,870,-1.692117680938428,0.0582589162555264,-1.1062996346275589,-0.911124682487846,0,1,紧急
72.21,12.25,43.2,1,1,2,1992,-1.4918161238471421,-1.685072289212404,-1.2588643343571733,-1.4806004155404926,0,1,紧急
69.96,11.62,35.43,5,1,1,903,-1.5905873747058654,-1.4223446505621677,-1.1046383790490215,-1.3748560860533472,0,1,紧急
49.27,15.48,59.0,5,3,1,26332,-0.13827477327373144,-0.4975593533035665,1.9698704487037064,0.430988759396986,1,2,高
36.55,19.18,62.93,5,2,2,26454,1.0790717295133359,-0.34336307760452944,0.8697718949395113,0.5317391526089993,1,2,高
59.34,11.02,40.26,2,3,1,18933,-1.4763535349039134,-1.6585279838780358,1.5973968115643191,-0.5313352936854505,3,4,低
82.01,13.65,50.83,3,1,1,1312,-1.3902708159871455,-1.1019094585197513,-1.0840488780907824,-1.19294850354164,0,1,紧急
86.06,12.12,40.42,7,3,1,20608,-1.8639303902040214,-0.9427640508734482,1.6817181174446372,-0.39301613432745963,3,4,低
32.28,17.69,89.6,7,1,2,1636,0.8196340127543532,0.9868473585104299,-1.2767857581741244,0.18955594789970953,3,4,低
92.63,12.49,42.74,2,1,1,1817,-1.9348906067433527,-1.5612234638440377,-1.0586266336313432,-1.5222226404050092,0,1,紧急
77.57,13.02,53.09,6,2,1,7230,-1.4352290397696756,-0.587545057848623,0.1110623982240398,-0.6436356847722714,0,1,紧急
62.09,19.55,72.64,16,2,2,11291,0.5419776665651558,1.5984851953596564,0.10645012714054801,0.7550195290472999,1,2,高
99.5,16.31,55.11,2,1,1,1483,-1.169568191968176,-1.0758779344809108,-1.0754405537292695,-1.1072137375341942,0,1,紧急
69.45,12.63,39.59,1,2,2,7773,-1.331072727025472,-1.8267131429715702,-0.07064978574718879,-1.085250901212274,0,1,紧急
46.49,13.89,57.39,8,1,1,2388,-0.45877875338462154,-0.13503708671774978,-1.0298818780148289,-0.5367816501162676,3,4,低
87.36,14.34,47.96,1,1,2,1462,-1.3530010080955042,-1.4983103878568271,-1.28554510577005,-1.3798289044856822,0,1,紧急
47.12,18.38,71.68,5,3,2,51497,0.6237140366491584,-5.075893618963792e-05,3.0276562906340856,1.2007938478855524,2,3,中
46.42,18.76,72.4,15,3,1,25602,0.7338387869973325,1.4471713844978231,1.933121461663329,1.3665978548147057,2,3,中
89.11,12.75,53.65,2,2,2,31537,-1.784816866131122,-1.133162047081571,1.125655595112441,-0.6125788258445688,0,1,紧急
7.97,18.34,74.07,6,1,2,4447,1.5759325423450905,0.2356197930841495,-1.1352769875296025,0.23712251185115812,1,2,高
14.34,19.08,82.92,7,2,2,12039,1.6003656221914608,0.7247529255156293,0.1441052535874005,0.828847144104365,1,2,高
73.6,13.93,44.1,6,3,1,24832,-1.1151484709539043,-0.9402739429718656,1.8943588314974513,-0.07097642479121857,3,4,低
53.51,21.2,81.17,7,1,2,4287,1.1562936153627306,0.6560904617819614,-1.1433315600316032,0.23502627080428334,1,2,高
95.51,12.37,57.44,1,2,2,2412,-2.0350029198282913,-1.1263560128881578,-0.34052830564234426,-1.1743738280991538,0,1,紧急
70.74,12.05,44.73,2,1,1,2096,-1.5046025453048104,-1.483144433655467,-1.04458147283098,-1.346769428811828,0,1,紧急
19.51,19.58,69.59,8,2,2,15224,1.5955962989046237,0.34363837473982084,0.3044415874553487,0.7514509089786977,1,2,高
89.53,9.63,18.13,3,1,1,411,-2.5580940857489494,-2.3849166380002886,-1.129406189492673,-2.0320507044212013,0,1,紧急
43.02,19.7,98.07,4,2,2,7442,1.0472493496421968,0.8934819497605914,-0.08731268261070237,0.6240358920793351,1,2,高
59.16,14.8,63.36,4,3,1,25131,-0.5475789017139865,-0.46838897377975863,1.909410813860565,0.2834913327996256,1,2,高
85.03,15.67,52.49,3,3,1,30435,-0.9705130408947698,-1.0367782072066718,2.1764198923018827,0.03748146657409124,3,4,低
26.78,18.26,69.51,25,1,2,4517,1.094167243522759,2.7527526741726698,-1.1317531120599773,0.9237042063898917,1,2,高
81.56,12.72,47.1,3,1,1,2618,-1.6066331937539022,-1.248258595506369,-1.0183034300432032,-1.2933820149546404,0,1,紧急
47.62,19.67,85.08,6,2,2,20057,0.9268812964597174,0.6676047792028261,0.5477400180939024,0.7154756214796973,1,2,高
60.6,11.9,52.07,3,1,1,574,-1.2921214791144582,-1.0532571985027521,-1.1212005937562601,-1.155757780892648,0,1,紧急
12.03,18.66,77.65,12,3,1,31268,1.5544215699896258,1.2274670424780358,2.218354010390423,1.6617351298853182,2,3,中
92.17,14.21,49.18,7,2,1,-1096,-1.502982961772573,-0.5990593752694878,-0.308077418348813,-0.8075018030567843,0,1,紧急
81.04,14.42,48.23,1,3,2,26494,-1.1781419687168477,-1.4877167505950615,1.768978313962089,-0.3174666227371935,3,4,低
75.62,13.89,26.88,4,3,1,26968,-1.1745657299734336,-1.899707074925019,2.0018873743991588,-0.37869179882242454,3,4,低
23.64,18.8,64.39,4,1,2,180,1.303374056108991,-0.4279762094107997,-1.3500823679423293,-0.14815551313080422,3,4,低
94.87,14.81,49.08,1,2,2,5310,-1.422605306394869,-1.4543664110672798,-0.19463986119985957,-1.031262805026422,0,1,紧急
76.0,15.82,62.4,3,1,1,443,-0.7119458289798178,-0.647952484006301,-1.1277952749922728,-0.8265532754496749,0,1,紧急
14.06,17.56,99.0,5,1,2,3660,1.235548868924188,1.0718683891802712,-1.1748954160238176,0.391277016217857,1,2,高
83.98,14.67,65.96,6,2,1,11589,-1.1892497466214755,-0.08258168170444857,0.33049915782541694,-0.31916929800787064,3,4,低
86.57,18.02,49.09,2,3,2,20699,-0.433691105444697,-1.3120768097247284,1.477251766155257,-0.10372677374900374,3,4,低
91.88,13.82,49.4,6,3,1,17122,-1.5912266499446204,-0.7323247670927572,1.5062291190573007,-0.2880088283815621,3,4,低
22.96,17.98,74.87,5,2,2,23320,1.1195623967277997,0.12511110352689633,0.7120029560565759,0.6513842399687569,1,2,高
87.17,13.59,42.05,7,2,1,7213,-1.5317354020836957,-0.878809870367232,0.11020659989570225,-0.774384197746817,0,1,紧急
72.2,12.59,53.96,2,2,2,8799,-1.408427661737066,-1.1209989820773212,-0.018999839578110335,-0.8567796567429583,0,1,紧急
96.56,15.16,58.09,4,1,1,1088,-1.378544138983337,-0.675161078852004,-1.0953252795935833,-1.049051834222517,0,1,紧急
58.39,20.32,88.87,5,2,2,11409,0.8211885064920776,0.6744108133962395,0.11239037436077341,0.5397221950222083,1,2,高
9.41,20.11,90.96,12,2,2,5705,1.9733799598061932,1.7496941237895323,-0.17475513533554574,1.1947891556685117,2,3,中
50.92,19.06,66.07,5,2,2,12788,0.6966253154670025,-0.22016299981954843,0.18181072111239052,0.21947428241310207,1,2,高
69.0,14.71,43.14,7,3,1,23920,-0.811377313671599,-0.8360429643845473,1.8484477682360483,0.0511418497731726,3,4,低
29.2,19.39,80.28,8,3,2,45874,1.3110299635060438,0.7630679389186265,2.744588408266904,1.5959239739540374,2,3,中
100.0,14.44,57.29,4,1,1,793,-1.6391393440982114,-0.7065496337016809,-1.110175897644147,-1.1520370681361234,0,1,紧急
74.09,15.43,43.24,8,1,1,1821,-0.7603826204105723,-0.6902221506214072,-1.0584252693187932,-0.8343444087425365,0,1,紧急
79.42,13.99,48.05,1,1,2,1113,-1.2434861849927872,-1.4947791754362385,-1.3031141420400387,-1.347596429319007,0,1,紧急
99.22,14.16,44.99,0,1,2,2016,-1.688443552679301,-1.7567376421431826,-1.2576561484818731,-1.5703931266699054,0,1,紧急
24.32,18.63,90.14,5,1,2,2863,1.2450936180784133,0.7242401442201013,-1.2150172552994079,0.26433240764140187,1,2,高
74.1,12.12,26.41,5,2,1,5284,-1.5700473747559542,-1.7762506064922734,0.013098660168458266,-1.1211386521565232,0,1,紧急
57.19,16.04,56.28,7,3,1,20795,-0.19594528405885228,-0.32048595097860666,1.6911318990563504,0.37995851977942074,1,2,高
45.83,21.2,93.48,5,1,2,1661,1.3450077925066397,0.8552873607175019,-1.275527231220687,0.32220375211243035,1,2,高
15.95,18.87,73.91,23,1,2,1521,1.5094515778870399,2.641595237032031,-1.2825749821599373,0.9764399390127294,1,2,高
58.14,19.08,76.98,5,1,2,4347,0.5241050806676039,0.20789841694291875,-1.1403110953433528,-0.12726061883741388,3,4,低
17.15,19.7,81.12,21,3,1,41749,1.6829310895787764,2.640690098800882,2.7459788503495957,2.3533638821502088,2,3,中
70.83,16.74,58.59,7,3,1,50220,-0.35993329526397994,-0.2298514988501649,3.172418123252387,0.8403392093877988,1,2,高
57.06,19.22,103.09,18,2,2,14085,0.5848782579271001,3.0770065531393387,0.2471030994567324,1.3131708113198575,2,3,中
21.67,18.88,86.55,5,1,2,1855,1.3713442060897298,0.5833840043321766,-1.2657610620620112,0.2427241034251772,1,2,高
72.36,12.62,41.51,5,3,1,16472,-1.4050230829302377,-1.1837916337046246,1.4735074182679235,-0.3881283222514192,3,4,低
75.7,14.04,61.26,6,1,1,140,-1.1398508818320514,-0.2669894414462994,-1.1430486216679365,-0.8470824476946126,0,1,紧急
77.99,13.52,51.07,2,1,1,4304,-1.3232806102656836,-1.2343901364717784,-0.9334283723033726,-1.165722121311334,0,1,紧急
81.39,11.53,45.31,4,2,1,12510,-1.893455518650303,-1.1765932425755903,0.37686329079005754,-0.9088530308623057,0,1,紧急
35.57,20.95,95.82,5,1,2,989,1.535983770501556,0.9470988836528059,-1.309356435729089,0.4061990056615214,1,2,高
44.47,20.01,77.52,5,1,2,2624,1.0874263362041527,0.22908569146645022,-1.2270487729742712,0.0407438825446107,3,4,低
30.67,16.72,85.34,6,2,2,11120,0.6219938399417166,0.6778060595289712,0.09784180277903494,0.46917445898904897,1,2,高
36.43,19.47,88.71,8,2,2,11635,1.1529362554498082,1.0938248356470948,0.12376745801984916,0.7960906617373976,1,2,高
92.59,13.94,44.31,6,1,1,6452,-1.5793283858110678,-0.9320344473238255,-0.8252957364640154,-1.1145727540083006,0,1,紧急
22.65,17.92,76.92,8,1,2,5962,1.1125075175293209,0.6312360085499841,-1.059010254151285,0.23955491767153347,1,2,高
0.0,18.12,77.14,14,1,2,2287,1.717974401579579,1.4912513275752273,-1.2440137163066098,0.6719072233727819,1,2,高
100.0,15.64,64.62,6,2,1,997,-1.3456943775384917,-0.1351575110776567,-0.2027135418070186,-0.5640036583185395,3,4,低
1.87,19.2,83.16,8,1,2,2018,1.9361249351214629,0.8760667363774626,-1.2575554663255981,0.5336917750203443,1,2,高
71.93,13.34,62.5,5,3,1,17685,-1.2183900748470258,-0.36023442583623067,1.534571146048715,-0.02821033485075275,3,4,低
49.29,16.87,68.31,18,1,1,5720,0.20114086982163143,1.7123891310496415,-0.8621454056606678,0.3617267085827451,1,2,高
95.37,14.43,49.76,6,2,1,5197,-1.5278156250465869,-0.7181999174104027,0.008718986370495486,-0.7522308636898088,0,1,紧急
100.0,16.07,36.73,5,3,1,31527,-1.240543264521259,-1.3713382489314432,2.2313923496280363,-0.14786495989804072,3,4,低
49.14,20.02,83.63,9,2,2,18172,0.9751197308132363,1.036404756758578,0.45284708580470856,0.8247578700656915,1,2,高
30.34,18.77,79.38,9,1,2,2918,1.131404470113723,0.8696530591196702,-1.2122484960018451,0.27598815177721886,1,2,高
90.1,14.2,53.18,0,2,2,26174,-1.4545639684355849,-1.4353973118696168,0.8556763930610105,-0.6917437414853274,0,1,紧急
100.0,15.81,56.46,4,3,1,18621,-1.304123007275865,-0.7391152593582205,1.5816903951854182,-0.16912471555353192,3,4,低
29.04,20.13,66.89,6,1,2,3265,1.4959192382417017,-0.046092486691699075,-1.1947801418881314,0.09592995964666379,3,4,低
48.35,21.28,71.12,5,3,2,5560,1.302648950901943,-0.022022747330963488,0.7151381842315937,0.6643990061977438,1,2,高
48.13,20.0,83.75,5,1,2,1644,0.995046861437677,0.47352406235830813,-1.2763830295490244,0.07583415988637665,3,4,低
89.29,16.36,62.14,2,3,1,36325,-0.9064595802574436,-0.8000510087393763,2.4729288425317772,0.23576443255155355,1,2,高
76.93,11.37,35.98,1,3,2,21425,-1.8229896873606313,-1.9683539967307369,1.5137993888830845,-0.7794623194057785,0,1,紧急
59.5,16.6,60.99,9,3,1,42175,-0.11576598575838254,0.1481086545127261,2.767424149636172,0.9170085274984822,1,2,高
48.42,19.1,73.64,14,1,2,1682,0.7678372105580266,1.3539264001078914,-1.2744700685797992,0.29647398491010013,1,2,高
49.59,14.72,49.19,6,3,1,30929,-0.3319863428092165,-0.7405642627407975,2.2012883849018094,0.3598711046744501,1,2,高
32.18,18.11,88.86,7,1,2,4854,0.9247969668984825,0.9578129452744791,-1.1147881687276386,0.2681540554002352,1,2,高
13.52,18.94,83.0,15,1,1,2832,1.5862795460482972,1.8630697362560398,-1.0075304393217774,0.8302416739549694,1,2,高
84.24,14.05,49.24,2,3,2,26836,-1.3472517405493896,-1.3061914556904142,1.7861949626851152,-0.3075455983582259,3,4,低
86.09,14.06,42.93,1,3,2,15153,-1.3902648590202764,-1.69566592647417,1.1980601468046634,-0.6456535151525837,0,1,紧急
57.38,18.17,77.76,20,1,1,2794,0.32025082147301676,2.3669609240253093,-1.0094434002910027,0.5738578992387755,1,2,高
53.13,19.44,93.15,17,1,1,1379,0.7352450846317423,2.545106514725175,-1.0806760258555699,0.7499363275553985,1,2,高
28.36,20.48,97.26,17,3,1,38456,1.5982164212562373,2.7063652152653894,2.5802056800427975,2.2927337674927664,2,3,中
92.98,15.2,60.88,9,3,1,20300,-1.2807943127314516,0.14379272822089553,1.6662130653782863,0.1635832179204897,3,4,低
78.1,13.1,38.37,8,1,1,2446,-1.4286892859946358,-0.8812999782688147,-1.0269620954828538,-1.112906889765563,0,1,紧急
66.63,14.64,49.75,0,3,2,30754,-0.7702589211179128,-1.569975740787606,1.9834313068278533,-0.13789976619889588,3,4,低
80.34,13.64,51.62,5,3,1,27025,-1.351680686043069,-0.7871187717918345,2.0047568158529963,-0.06275099016777785,3,4,低
38.76,20.42,74.95,28,3,1,27859,1.3279937247125413,3.3918865803712626,2.046741275019674,2.2580408407502612,2,3,中
34.12,17.87,84.59,18,1,1,2649,0.8184379861309162,2.3511462222405637,-1.0167428566209407,0.733530621410821,1,2,高
0.0,19.64,74.91,8,1,2,2200,2.08967135922189,0.552372264490171,-1.2483933901045725,0.4793221587723429,1,2,高
23.2,17.11,95.66,6,1,2,3073,0.900917477936256,1.082718417089801,-1.204445628890532,0.2728217356512352,1,2,高
61.3,19.52,85.79,25,1,1,1173,0.5540535476021637,3.3915097653635917,-1.0910462879518956,0.9705717888242262,1,2,高
24.3,19.37,67.7,17,3,1,17374,1.426542790626553,1.5465581135698327,1.5189150707479515,1.4971838688815526,2,3,中
45.87,19.25,73.16,5,2,2,32784,0.8671768355078049,0.058018067535711954,1.1884309195499076,0.6999825363659324,1,2,高
0.0,19.24,73.3,6,1,2,164,1.9918563703686498,0.20540830904133578,-1.3508878251925294,0.29610867191899465,1,2,高
98.24,15.08,53.27,8,2,1,9965,-1.439388363004215,-0.29668814419358497,0.2487452469301115,-0.5020502226996697,3,4,低
53.55,13.86,39.77,4,1,1,662,-0.6395943164335103,-1.3939589849096017,-1.1167705788801596,-1.0497489289018591,0,1,紧急
30.26,19.79,58.38,13,2,2,20735,1.3827984643680666,0.6132924719433773,0.5818712690711296,0.8615516366913039,1,2,高
18.67,19.12,75.53,14,2,2,22099,1.5037496748485137,1.4280818609402528,0.6505364996506843,1.1989385569999431,2,3,中
20.73,18.84,64.15,5,2,2,13518,1.384660536177749,-0.29549553145877216,0.21855970815276796,0.4373210583970861,1,2,高
100.0,15.07,51.97,0,3,2,22504,-1.4850807366543586,-1.482872501079753,1.5681174121934507,-0.4847258798276751,3,4,低
79.23,16.98,56.0,3,3,1,36995,-0.5076504332031864,-0.8990609228037151,2.506657364883905,0.34747512728644403,1,2,高
68.54,14.55,35.08,8,2,1,10138,-0.8392001163110464,-1.0103854100881104,0.2574542534478996,-0.5377804355165746,3,4,低
80.32,14.92,54.38,7,1,1,4039,-1.0381812785430562,-0.39503376874658885,-0.9467687580098111,-0.7917620120626507,0,1,紧急
11.15,20.23,73.63,6,2,2,16875,1.9599689007029986,0.21835608791682737,0.38755470746036674,0.8589161046270293,1,2,高
54.07,17.98,78.71,8,2,2,9104,0.3551225463440739,0.7014679000261355,-0.003645810746171825,0.35424633295582264,1,2,高
85.69,13.68,52.77,9,1,1,2883,-1.4733602350379424,-0.17440874656770253,-1.0049630443367648,-0.8827655825563816,0,1,紧急
93.73,13.81,57.06,7,2,1,768,-1.6391305178581694,-0.2898821100001718,-0.21424164870050685,-0.7184516925819288,0,1,紧急
22.13,17.3,97.92,7,1,2,4002,0.9736718072175847,1.3132883289470685,-1.1576787673007916,0.39019038576440457,1,2,高
17.44,18.21,76.65,5,2,2,21691,1.3114443301405974,0.19495063806742716,0.6299973397705828,0.7125149874659089,1,2,高
53.23,18.98,72.49,5,2,2,15385,0.6203006316022885,0.0317301528491076,0.31254650103548676,0.32142278108512234,1,2,高
6.83,22.37,97.86,11,1,2,1621,2.5894308157112804,1.878523164961064,-1.2775408743461871,1.084091465838807,2,3,中
13.41,17.58,84.36,6,1,2,2544,1.2564115213803322,0.6393550798381169,-1.2310760592252714,0.2343041826755628,1,2,高
86.58,12.66,41.95,7,1,1,2036,-1.7446576776629328,-0.8827334397234413,-1.04760193751923,-1.2263091138891666,0,1,紧急
83.29,16.56,64.91,5,2,1,4870,-0.7101191349371448,-0.26567640435157963,-0.0077425461804681225,-0.33055769251485684,3,4,低
100.0,12.18,49.37,4,1,1,678,-2.191794031119016,-1.017296326713481,-1.1159651216299595,-1.444219934215342,0,1,紧急
74.35,13.41,55.84,2,1,2,970,-1.2607370753248257,-1.0472358781805808,-1.3103129162137017,-1.2051011160457454,0,1,紧急
29.76,17.66,84.55,19,1,1,2833,0.874219727965705,2.49147403890501,-1.00748009824364,0.8025413298913591,1,2,高
67.91,13.79,59.15,2,2,1,9591,-1.009568135288366,-0.9173657324900433,0.22991768370668522,-0.5727263181379416,3,4,低
32.84,18.62,59.76,4,1,2,2393,1.0332934530880586,-0.609637470603304,-1.2386775620240345,-0.263575500380797,3,4,低
72.89,16.76,68.93,6,2,1,9718,-0.40566119229481373,0.033948328174976894,0.23631100063014815,-0.047502954609164774,3,4,低
25.6,21.01,61.0,12,1,1,4221,1.7956404388978724,0.5741927446691382,-0.9376066817887855,0.48962670869408925,1,2,高
62.85,18.83,69.97,14,1,2,3939,0.34723584618279096,1.2099314047349992,-1.1608502552234543,0.1438846041874161,3,4,低
76.53,14.38,51.22,6,1,1,411,-1.0771030328470892,-0.6609158048097425,-1.129406189492673,-0.9541335035267748,0,1,紧急
37.74,18.48,79.97,7,1,2,2908,0.8786546304262536,0.6090076295074461,-1.2127519067832202,0.10316558772355322,3,4,低
80.46,14.0,45.83,4,1,1,1849,-1.2665958550930267,-1.1561906819233005,-1.0570157191309433,-1.1608160261153868,0,1,紧急
88.1,13.52,66.07,6,3,1,33000,-1.5717051325215325,-0.07826575541261804,2.305544757724579,0.20040861173550673,1,2,高
46.04,18.64,71.57,6,2,2,15179,0.7138317105646268,0.13753055917890966,0.30217623893916107,0.38506674841699806,1,2,高
60.62,15.22,44.98,4,3,1,41030,-0.4807485148022133,-1.1895410214510822,2.709783615168731,0.32523807396776494,1,2,高
80.57,13.92,47.35,0,3,2,23442,-1.2888617902967257,-1.6641414053366361,1.6153373434864289,-0.46435576587162586,3,4,低
85.07,14.36,62.94,3,2,1,11926,-1.2918400157284213,-0.6267652094827693,0.34746410115775556,-0.5312628623048061,3,4,低
21.78,19.63,74.46,5,1,2,1981,1.5520443727565036,0.10902446916643657,-1.2594180862166857,0.14583928578193356,3,4,低
87.43,14.24,56.61,6,2,1,11676,-1.3791748064025737,-0.4494354165100454,0.3348788316233797,-0.5050356013380602,3,4,低
70.49,13.07,32.17,5,2,1,10088,-1.2490312841084794,-1.5502530115746005,0.2549371995410244,-0.8580294850987421,0,1,紧急
27.1,20.79,95.34,18,2,2,14092,1.7049839573051702,2.7729299280330952,0.24745548700369488,1.5872748810837132,2,3,中
58.59,15.55,44.3,2,1,1,2270,-0.3501696672792626,-1.5000157818871682,-1.0358221252350543,-0.9617026878769976,0,1,紧急
67.66,13.63,47.91,2,1,1,4214,-1.0425510912090916,-1.3583749281280018,-0.9379590693357479,-1.1146178497133148,0,1,紧急
70.99,14.5,55.57,2,1,1,3334,-0.911628778199287,-1.0578295154423467,-0.9822592180967509,-0.9839659340540624,0,1,紧急
44.83,19.36,85.29,6,1,2,3901,0.9196310022640167,0.6758442748508665,-1.1627632161926793,0.15579744686344216,3,4,低
75.6,17.16,67.72,3,2,1,22501,-0.37443675292855255,-0.43921859425595067,0.8798210024618535,0.014398637020134109,3,4,低
63.61,21.26,83.87,15,3,1,81917,0.9227870630196907,1.8972047896550635,4.768079276976831,2.5097291648352478,2,3,中
30.41,20.07,68.81,9,2,2,8273,1.4475831327929927,0.45493177816831637,-0.04547924667843709,0.6246191621107101,1,2,高
63.79,13.71,63.54,6,3,1,34808,-0.9278938401120205,-0.17753206012472053,2.396561426997185,0.41310733768491104,1,2,高
100.0,15.67,45.07,7,2,1,6222,-1.3383582533744989,-0.7603180758097022,0.0603185914614364,-0.6858589064218505,0,1,紧急
0.0,19.02,71.3,7,1,2,4110,1.9380581264993682,0.2688341663240743,-1.1522419308619412,0.3644191845551463,1,2,高
63.15,13.31,55.72,5,2,1,7467,-1.0099826475366014,-0.6262524281872411,0.1229932337426281,-0.5098803186333459,3,4,低
57.93,14.45,49.34,4,1,1,2000,-0.6029432620273675,-1.0184733975203437,-1.0494142163321802,-0.8889893460299372,0,1,紧急
90.37,13.68,48.59,5,2,1,6046,-1.588357936735012,-0.906002923284985,0.05145856170923583,-0.8217963106927412,0,1,紧急
78.76,13.34,49.04,6,2,1,24751,-1.3862179172809972,-0.7464496167751117,0.993088428271236,-0.391883841488021,3,4,低
91.45,13.38,40.49,5,3,1,25148,-1.6882571095358039,-1.2238120411379623,1.9102666121889027,-0.35376932527090077,3,4,低
82.48,14.44,59.52,7,2,1,10218,-1.2086351274886686,-0.19336230383741568,0.26148153969889987,-0.38556889039348585,3,4,低
32.52,19.85,70.1,9,1,2,2752,1.3419376345261007,0.5055458228634199,-1.2206051149726707,0.2214265190277931,1,2,高
70.57,13.76,47.34,7,3,1,32885,-1.082266201015223,-0.6712530514237443,2.2997555337387663,0.16335341648285406,3,4,低
55.59,18.38,83.69,13,2,1,9318,0.4155878543042479,1.6063478760000252,0.2161745693751468,0.7511240547692428,1,2,高
47.23,18.32,80.23,7,1,2,2673,0.6063388508881219,0.6192089098335913,-1.2245820601455335,0.011230876168855708,3,4,低
59.25,14.25,44.79,7,3,1,25368,-0.6842860056505965,-0.771304070007089,1.9213416493791533,0.13950046688470907,3,4,低
82.84,13.94,55.1,1,1,2,1553,-1.3397498406088393,-1.218167535823462,-1.280964067659537,-1.2795774595014584,0,1,紧急
81.7,16.14,54.15,3,1,1,2177,-0.7737551412462209,-0.9716469558935926,-1.040503845501842,-0.9277008824634269,0,1,紧急
34.24,17.54,73.61,5,2,2,24665,0.7347919613091192,0.07567412963865525,0.7797117061515179,0.5276318342562463,1,2,高
74.68,13.89,45.58,4,3,1,26448,-1.1514679010000906,-1.1659996053138246,1.9757100137676569,-0.1325270624550422,3,4,低
85.0,15.66,64.47,3,2,1,20984,-0.9722212508616322,-0.5667345983327624,0.8034535869272609,-0.25437697888597893,3,4,低
100.0,14.02,49.94,4,2,1,8972,-1.741845082394113,-0.9949319813830863,0.19875655633957065,-0.8550759394662345,0,1,紧急
49.66,19.5,57.97,16,3,1,59222,0.8351827228932392,1.0228975708037087,3.6255885086461923,1.811943531536332,2,3,中
59.44,13.3,70.71,7,3,1,27513,-0.921265314288674,0.24568510712243755,2.029323261984098,0.43756119512467323,1,2,高
18.15,18.61,72.21,6,1,2,2524,1.3918130864714184,0.1626414030586511,-1.2320828807880213,0.11900074057503207,3,4,低
78.91,15.02,37.21,4,2,1,853,-0.9790807878697317,-1.4944023604285674,-0.20996265705881909,-0.9007361738099096,0,1,紧急
69.01,14.67,58.51,3,1,1,2054,-0.8214045341417463,-0.8005793319628544,-1.0466957981127551,-0.8881544789538931,0,1,紧急
12.33,19.36,70.39,12,1,2,3665,1.7182261529381115,0.9426159072172191,-1.1746437106331302,0.5100263250253037,1,2,高
26.01,19.01,79.21,18,2,1,20006,1.2964909096539388,2.140058190876487,0.7542200125087826,1.402907012803243,2,3,中
26.14,20.74,82.41,6,3,2,36939,1.716346355841504,0.5628454773920298,2.2947908751083115,1.517446157705054,2,3,中
9.03,19.98,75.09,5,1,2,2413,1.950927508652157,0.13374295611055734,-1.2376707404612843,0.2953006512389246,1,2,高
19.18,19.88,81.85,18,3,1,71632,1.6770663528437062,2.2436404218804205,4.250321288332609,2.71026081111014,2,3,中
74.04,13.14,45.49,2,2,2,8614,-1.319144823671256,-1.4533253065482739,-0.028312939033548458,-0.9416955244269656,0,1,紧急
55.32,14.43,37.53,1,2,2,6410,-0.543700677831279,-1.907538671709488,-0.13926467524860583,-0.8703728816815619,0,1,紧急
81.55,13.68,55.02,9,1,1,2553,-1.3716314989213036,-0.08612843605298662,-1.0215756001221408,-0.8243084682000508,0,1,紧急
31.29,20.46,76.05,7,3,2,24106,1.5213292474604954,0.45520371074403,1.648763819369731,1.2041807720009108,2,3,中
31.46,19.14,102.51,17,1,2,2972,1.1943625173028165,2.912352606466393,-1.20953007778242,0.9856279943491084,1,2,高
55.97,14.82,54.96,5,3,1,20440,-0.464302966712852,-0.656071555294434,1.6732608163175366,0.170979991223424,3,4,低
64.27,14.94,37.85,8,3,1,10130,-0.6389073854598027,-0.9017025389211044,1.1542443007198773,-0.1402926960076627,3,4,低
76.34,15.3,41.38,4,2,1,5367,-0.8474598483730046,-1.3307895182746272,0.01727696965387108,-0.7270410009038292,0,1,紧急
93.33,15.72,48.59,4,3,1,26604,-1.1622350826910373,-1.0479001676919155,1.9835632219571075,-0.09381995118598518,3,4,低
84.38,14.47,66.96,1,2,2,19872,-1.247986104441007,-0.7528322101770045,0.5384269186384643,-0.49644312790179157,3,4,低
84.17,14.58,39.87,2,3,2,22373,-1.2159268292250875,-1.6738299043672533,1.5615227309574378,-0.46073040831379486,3,4,低
45.42,12.07,51.39,4,1,1,1943,-0.8775447430908232,-0.938040225718047,-1.052283657786018,-0.9551174338910353,0,1,紧急
84.56,14.07,33.54,4,2,1,17999,-1.3502240818210574,-1.6383973558014595,0.6531854686868134,-0.7913139209030017,0,1,紧急
16.13,19.25,72.22,5,1,2,2431,1.5979528287708074,0.021136515587341836,-1.2367646010548092,0.13909667036882306,3,4,低
92.91,12.29,46.39,9,1,1,1474,-1.990678305545011,-0.42473247149387483,-1.0758936234325072,-1.1640637785716943,0,1,紧急
68.19,11.83,55.76,3,1,1,4137,-1.4957417850442791,-0.9084774892586182,-0.9418353323523356,-1.116713786965126,0,1,紧急
28.43,18.33,84.61,5,2,2,12049,1.0707408050763134,0.5072667588217107,0.14460866436877556,0.5778548677375047,1,2,高
49.9,11.94,47.08,3,1,1,2483,-1.01941788446874,-1.249043309377611,-1.0250994755917662,-1.0985726304420613,0,1,紧急
58.9,16.66,48.61,6,2,1,6903,-0.08635044234102895,-0.7633209650068129,0.09460086567307618,-0.2549835067820882,3,4,低
100.0,12.05,51.32,5,1,1,2169,-2.2235839024963187,-0.7988894798604632,-1.040906574126942,-1.3568086857135273,0,1,紧急
100.0,13.76,72.34,7,2,1,9126,-1.805424825148719,0.3096392876286543,0.20650908237274615,-0.4347659965666936,3,4,低
95.77,12.94,35.22,6,1,1,6048,-1.9020053219178168,-1.2886869018032776,-0.8456335320315668,-1.3497009604065406,0,1,紧急
71.99,14.53,57.38,6,1,1,4287,-0.9288648125175739,-0.4192239324672314,-0.9342841706317102,-0.7590880204065591,0,1,紧急
65.32,13.92,43.74,2,3,2,43325,-0.9141363734419579,-1.5219877702819418,2.616269000094408,0.03710205712854986,3,4,低
31.52,19.13,67.27,5,2,2,5271,1.1904428130725484,-0.17308016754503316,-0.19660316324722218,0.2773486941850978,1,2,高
61.09,13.56,70.5,3,1,1,1970,-0.89822963302983,-0.3301433661533239,-1.0509244486763052,-0.756997158039681,0,1,紧急
72.97,15.39,54.17,5,3,1,30461,-0.7426433017957424,-0.6870677532084898,2.1777287603334576,0.232188596689492,1,2,高
100.0,12.65,54.27,4,1,1,1266,-2.076861419216459,-0.8250414282592106,-1.0863645676851077,-1.331197297507404,0,1,紧急
29.16,20.7,69.65,5,1,2,939,1.632356938339695,-0.07969921686724443,-1.3118734896359643,0.09212311051094735,3,4,低
7.12,18.64,74.33,6,3,2,19250,1.6701801186949583,0.2458210734102947,1.404307543934015,1.103678008142264,2,3,中
27.72,20.04,78.67,5,2,2,4079,1.5063461149463322,0.27420673906286075,-0.2566097283871262,0.5144050448675903,1,2,高
26.88,18.54,66.97,14,3,1,37139,1.160180519871798,1.0922243240487115,2.513906480135705,1.580513094928829,2,3,中
45.59,19.7,70.81,5,3,2,42782,0.9840989023427377,-0.034185812335213284,2.588933794665744,1.1667523936294382,2,3,中
14.42,19.64,83.06,14,3,2,38762,1.7353408339074148,1.7235266334628352,2.38656266055298,1.9445728813476255,2,3,中
86.93,15.59,47.82,7,3,1,46085,-1.0367631397817496,-0.6524199185139382,2.9642577651538105,0.40253827411355947,1,2,高
88.24,14.77,49.76,2,3,1,28198,-1.2694733945426777,-1.2857888950381244,2.063806900508288,-0.18365545698296748,3,4,低
97.35,15.65,55.68,1,3,2,25104,-1.2781327828391194,-1.1954108335574465,1.6990042153509595,-0.27557835126181973,3,4,低
53.26,17.24,63.32,18,1,1,2864,0.19406826533622662,1.5166030201747827,-1.0059195248213775,0.24637510288500192,1,2,高
31.73,19.01,74.19,5,1,2,3505,1.155938163135298,0.0984308319046708,-1.1826982831351307,0.034303495718718435,3,4,低
82.58,13.69,70.37,9,1,1,3614,-1.394495447436721,0.5161394601251862,-0.96816371621825,-0.611773158037594,0,1,紧急
23.04,21.15,81.48,7,2,2,14833,1.8927804107111421,0.6682535267862112,0.2847582259035849,0.9541267933767982,1,2,高
33.06,18.49,70.55,7,1,2,2326,0.9960977068446537,0.2394073961525023,-1.2420504142592472,0.008621261882654385,3,4,低
19.51,19.25,103.09,7,1,2,2130,1.5148989331007012,1.5161368646631046,-1.2519172655741977,0.6094650277488438,1,2,高
32.92,19.21,77.29,5,3,2,39835,1.175604788968005,0.2200614819471686,2.4405786373945215,1.268107882139925,2,3,中
100.0,14.6,37.43,1,1,2,1531,-1.6000133485569155,-1.9114622410656976,-1.2820715713785624,-1.600757126497275,0,1,紧急
64.51,17.5,71.27,16,1,1,2743,-0.018788774834815558,1.5447322951795848,-1.0120107952760153,0.1823316127429071,3,4,低
64.19,19.28,89.53,11,1,2,5194,0.42435101627643146,1.5516898375888049,-1.0976722021608876,0.3055188045015799,1,2,高
13.85,19.85,73.32,13,1,1,3235,1.8006998333902655,1.1994737337610901,-0.9872429848323637,0.6855526727864669,1,2,高
23.01,19.51,84.51,8,1,2,1614,1.492476121167328,0.9290349226862924,-1.2778932618931496,0.39580131097294696,1,2,高
91.31,15.34,66.54,6,2,1,10346,-1.2055235619674103,-0.05982497943843242,0.2679251977005003,-0.33746356815481554,3,4,低
60.74,13.8,57.62,4,2,1,6738,-0.8309403842490881,-0.6936018548261894,0.08629458778038818,-0.48440956214060477,3,4,低
59.21,19.4,89.05,7,2,2,23792,0.5760648621741563,0.9652677270512773,0.7357639449374774,0.7593602881425696,1,2,高
56.08,16.67,68.68,6,2,1,7989,-0.014611580699668407,0.024139404784452895,0.14927127653040484,0.0520874045413174,3,4,低
19.53,19.12,87.36,8,1,2,3289,1.482617618553753,1.0408566493382656,-1.1935719560128315,0.457736095064766,1,2,高
100.0,14.46,45.56,0,1,2,1452,-1.634248594655549,-1.7343732968127876,-1.286048516551425,-1.5539516659599848,0,1,紧急
49.64,19.83,65.23,5,1,2,5656,0.9163715318668071,-0.2531209824117086,-1.074414624061361,-0.1290731033014833,3,4,低
76.63,14.78,55.15,1,3,2,10436,-0.9817452598420776,-1.2162057511453574,0.9606012812300602,-0.4247466667304545,3,4,低
97.51,14.22,33.5,1,3,2,25536,-1.6317529133466162,-2.065658516764734,1.7207515611063608,-0.6802067263812533,0,1,紧急
0.22,19.46,100.38,18,2,2,12915,2.040248739371831,2.9706778235860583,0.18820403803585345,1.747085972144613,2,3,中
41.39,16.02,47.28,2,3,2,31850,0.18740407051850724,-1.3830934150721221,2.038605128466557,0.2648361213561976,1,2,高
79.03,13.17,40.62,1,1,2,990,-1.4344237703338396,-1.7863003786026115,-1.3093060946509516,-1.5119062514403097,0,1,紧急
13.42,20.09,85.41,15,1,2,4074,1.869954854849589,1.9576277577406909,-1.1540542096748914,0.9094114936217621,1,2,高
74.21,15.46,40.88,2,3,1,36881,-0.7559951552644523,-1.6342018538695362,2.500918481976229,0.014697820447431509,3,4,低
73.48,13.12,40.1,9,2,1,7130,-1.3102751643638415,-0.671524983999458,0.10602829041028947,-0.6315692003669408,0,1,紧急
72.24,15.38,38.19,5,1,1,1214,-0.7271510008250092,-1.3140541363307832,-1.0889823037482578,-1.043172372301733,0,1,紧急
21.07,18.69,72.08,5,1,2,2648,1.3396253814738097,0.015643518488648395,-1.225840587098971,0.054028696036465484,3,4,低
90.86,13.93,25.96,3,1,1,1621,-1.5392639263580543,-2.077701157409077,-1.068493484946294,-1.5663788059151609,0,1,紧急
86.49,13.97,55.25,2,3,1,25420,-1.4221020949051673,-1.0703849373822176,1.9239593854423034,-0.208215523865939,3,4,低
62.92,12.56,56.91,1,1,2,269,-1.1877341551855016,-1.1471509304760688,-1.3456020119880916,-1.2257590172793893,0,1,紧急
100.0,13.74,40.9,4,2,1,8928,-1.8103155745913808,-1.3496226511844336,0.1965415489015205,-0.9981995649997693,0,1,紧急
80.27,15.61,40.07,5,3,1,29796,-0.8682218148471036,-1.2402910324340428,2.144251943372018,-0.007186217342415424,3,4,低
62.12,12.69,40.02,7,1,1,2012,-1.136286557022375,-0.9584583282982866,-1.0488101233945302,-1.0477878698649175,0,1,紧急
12.4,19.24,78.77,10,1,2,3508,1.6871616051883795,0.9876165304537221,-1.1825472599007183,0.5121490722760482,1,2,高
72.32,14.91,59.58,3,2,1,215,-0.8440493854061483,-0.7585971398514116,-0.2420802649105462,-0.618201561481933,0,1,紧急
54.52,18.92,84.56,16,3,1,46341,0.5739302988321617,2.06617466261984,2.977145081157011,1.863045365517967,2,3,中
50.83,20.8,80.8,5,1,2,4401,1.1243320112420012,0.35777876635012495,-1.1375926771239278,0.12575118227000492,3,4,低
82.61,10.81,35.77,2,1,1,952,-2.099500531934516,-1.8346962479718463,-1.1021716662202836,-1.6838406506282029,0,1,紧急
53.07,16.41,64.96,5,2,1,11501,-0.004229126422612369,-0.2637146196734749,0.32606914294931666,0.016564076647899564,3,4,低
67.92,14.97,46.9,4,1,1,1086,-0.7212596397561312,-1.1142084898118578,-1.0954259617498583,-0.976032193467153,0,1,紧急
52.49,14.81,60.64,1,1,1,208,-0.38123722991584913,-1.0008017934894506,-1.1396254283545861,-0.838084828722865,0,1,紧急
15.35,17.14,93.61,5,1,2,2300,1.1011450461861458,0.8603880008805741,-1.2433592822908222,0.25251694236168215,1,2,高
26.87,19.0,83.17,8,1,2,617,1.272913478637847,0.8764590933130837,-1.3280833167962403,0.287900660690484,1,2,高
82.13,16.49,63.12,1,3,2,26684,-0.6987330541470168,-0.9034972734554527,1.7785431188082148,0.04339664312141622,3,4,低
85.47,12.16,49.89,6,2,1,2687,-1.8396513178141518,-0.71309927724733,-0.11763711975463795,-0.8966564000171964,0,1,紧急
52.53,20.48,52.55,7,1,2,6299,1.0043073507395333,-0.46683508796522466,-1.0420453108189462,-0.16086854979307616,3,4,低
95.8,14.75,62.15,0,3,2,32781,-1.460129662111375,-1.0834531406176162,2.085472672212573,-0.17251216342452502,3,4,低
38.19,19.66,88.71,10,1,2,3887,1.156151376226285,1.3776193244609554,-1.1634679912866044,0.47126090174524693,1,2,高
79.76,12.88,34.02,3,1,1,2153,-1.5232773129445025,-1.7614614672985838,-1.0417120313771422,-1.4457892845297766,0,1,紧急
100.0,16.97,52.9,6,3,1,24322,-1.02045953960147,-0.5949998396254214,1.868684881647325,0.06865581677530275,3,4,低
36.83,19.77,104.19,5,1,2,2403,1.2164686336968265,1.2755016387675489,-1.2381741512426594,0.43269423569238774,1,2,高
32.42,18.1,86.56,5,1,2,1051,0.9164542741414047,0.5837763612677979,-1.3062352888845639,0.07676646471607873,3,4,低
84.9,12.96,54.04,4,2,1,7194,-1.6300152097727727,-0.8340656377784927,0.1092501194110897,-0.7926569600151454,0,1,紧急
95.81,10.55,49.34,7,1,1,2741,-2.487432766655216,-0.5927816642995524,-1.0121114774322904,-1.3666535333901537,0,1,紧急
27.0,19.55,94.24,5,1,2,3538,1.4042147077083555,0.8851064878246945,-1.1810370275565931,0.383070078849948,1,2,高
91.0,12.79,56.32,4,2,1,22579,-1.821476746777307,-0.744608256456914,0.8837476065565788,-0.5733046705957513,3,4,低
29.88,19.28,79.59,5,2,2,10809,1.2674217738034528,0.31030357713998913,0.0821857274782714,0.5572004630530305,1,2,高
74.31,15.87,50.79,3,3,1,31176,-0.6581920075381101,-1.103478886262235,2.213722631201773,0.13217886809305313,3,4,低
35.84,19.42,90.23,13,1,1,3332,1.155206955347699,1.862949311896133,-0.9823599002530259,0.6936057957220757,1,2,高
62.67,13.62,56.06,4,2,1,6911,-0.9223813951038464,-0.7548095367830588,0.09500359429817626,-0.5328847468001454,3,4,低
41.85,19.93,71.18,6,2,2,12368,1.1322423936570774,0.12222863868969275,0.16066746829463913,0.47416808306875163,1,2,高
17.81,19.59,85.42,15,3,2,71758,1.639814343045831,1.958020114676312,4.047616874778041,2.535236310857053,2,3,中
77.02,11.31,41.18,6,1,1,2047,-1.8398734299520214,-1.0548421681731859,-1.0470481856597176,-1.316053179124251,0,1,紧急
47.72,10.29,48.29,6,1,1,853,-1.3693374079969842,-0.7758763869466836,-1.1071554329558966,-1.0837335848541252,0,1,紧急
93.72,14.38,53.66,7,2,1,13094,-1.4994984371574795,-0.4232834681112982,0.4062624804223595,-0.5132892234289805,3,4,低
65.68,19.79,72.96,8,1,2,953,0.5124526109257147,0.47586266204408373,-1.3111687145420392,-0.09691430974861348,3,4,低
76.47,12.62,55.14,6,3,1,31109,-1.5060146542924078,-0.5071118860463264,2.21034977896656,0.04695867719302904,3,4,低
100.0,12.15,46.98,4,1,1,703,-2.199130155283009,-1.1110696343268902,-1.1147065946765222,-1.4778379519583271,0,1,紧急
35.78,18.45,87.15,7,3,2,61074,0.9194799368875287,0.8907199092832954,3.5097727959569553,1.7578561614847361,2,3,中
50.95,19.59,60.2,14,1,1,2443,0.8254930109430771,0.8265986786333221,-1.0271131187172662,0.21932530328455424,1,2,高
78.54,13.46,57.36,6,1,1,1688,-1.3514675457589234,-0.4200086463384735,-1.0651206327110812,-0.9441781272025669,0,1,紧急
66.94,12.89,38.58,7,2,1,15213,-1.205816866480344,-1.0149577270277048,0.512935224995729,-0.5788551292806695,3,4,低
18.93,18.48,84.96,13,1,1,1195,1.3408569314779373,1.656177206823887,-1.0899387842328703,0.6511593129898261,1,2,高
0.0,18.51,72.22,6,2,2,-264,1.813344015711488,0.16303375999427222,-0.47524103073830326,0.5085516890453637,1,2,高
57.03,12.76,41.53,4,1,1,762,-0.9940966472982536,-1.324904164240313,-1.1117364710664095,-1.1439653911098975,0,1,紧急
82.2,10.67,39.35,5,3,1,15747,-2.123661193055415,-1.2685407317987516,1.4370101366182335,-0.6700603074040636,0,1,紧急
74.23,13.8,43.2,2,3,2,48771,-1.1624188021750435,-1.5431750448054735,2.8904265116312517,0.03630840236113386,3,4,低
26.08,17.59,80.81,4,1,2,2952,0.947527648131178,0.2162738788788157,-1.21053689934517,-0.005167342693644883,3,4,低
40.5,17.65,67.14,10,3,2,30316,0.6078693711446882,0.5313054143265464,1.9613819146036269,1.0252346009137439,2,3,中
54.21,12.51,47.61,8,1,1,1403,-0.9859375284114993,-0.5187621697550481,-1.0794678399802697,-0.8593024938355662,0,1,紧急
74.63,12.8,58.04,3,1,1,2166,-1.4167851377010545,-0.8190201079370393,-1.0410575973613547,-1.0925579226562452,0,1,紧急
26.66,18.84,83.01,6,1,2,4269,1.2389476363778296,0.5863868935292877,-1.144237699438078,0.23903750051303035,1,2,高
100.0,13.32,34.07,7,2,1,9021,-1.9130213128872824,-1.1919107049927575,0.2012232691683083,-0.9780872060322157,0,1,紧急
30.85,19.75,77.83,6,1,2,1677,1.3585193919781977,0.38314600087763034,-1.2747217739704868,0.16807891816550208,3,4,低
34.21,20.49,85.58,19,2,1,13144,1.4569146688562307,2.5318868032739688,0.40877953432923464,1.4756053174583212,2,3,中
49.8,15.04,50.09,7,3,1,32590,-0.25889450500790373,-0.5633548941279803,2.2849049156882026,0.47145588633507735,1,2,高
100.0,13.44,44.57,4,2,1,7864,-1.8836768162313107,-1.2056276558115413,0.14297864176321692,-0.9919142166016491,0,1,紧急
69.64,14.27,57.36,4,2,1,7370,-0.9346999828388223,-0.7038031351523343,0.11811014916329027,-0.5122892751049661,3,4,低
47.06,19.13,77.42,5,1,2,2678,0.8085914702579197,0.22516212211024092,-1.224330354754846,-0.05337259124746463,3,4,低
100.0,14.34,43.09,9,3,1,34493,-1.663593091311521,-0.5542102602487912,2.380703987383871,0.03393367492772548,3,4,低
30.69,20.72,78.59,14,3,1,44244,1.5996522853044688,1.5481430832402665,2.871579840302666,1.998740461202454,2,3,中
70.98,13.53,58.32,0,2,1,12066,-1.1485844045835711,-1.2337258469604437,0.35451185209700603,-0.6851330202272613,0,1,紧急
100.0,14.38,42.0,1,2,2,11150,-1.6538115924261971,-1.732155121486919,0.09935203512316004,-1.1062003470656216,0,1,紧急
100.0,15.41,59.93,5,1,1,909,-1.4019379961291047,-0.46107015829081727,-1.1043363325801963,-0.9877966339593341,0,1,紧急
99.33,17.06,54.5,2,1,2,4176,-0.9819878209263635,-1.0998117075537894,-1.1489194197048658,-1.0763018218527125,0,1,紧急
25.66,19.31,94.37,4,2,2,8976,1.378452406762666,0.7483098835808369,-0.010089468747772258,0.7117329715572319,1,2,高
29.81,18.53,77.25,6,2,2,10941,1.0857387207973876,0.3603892986116149,0.08883074979242184,0.5151917603636291,1,2,高
74.35,13.82,37.7,1,3,2,33576,-1.1604767117502548,-1.9008686038039315,2.125493829331888,-0.3338804828599241,3,4,低
90.94,15.57,55.74,8,1,1,2728,-1.1401882447383536,-0.199775981095208,-1.0127659114480778,-0.7819166383854808,0,1,紧急
39.1,21.29,75.51,6,1,2,4172,1.5323867915843619,0.2921191918135681,-1.1491207840174158,0.2369774943531337,1,2,高
6.53,20.39,84.68,13,1,2,2307,2.1126182684324273,1.6451912126265007,-1.2430068947438597,0.8566512600610112,1,2,高
83.17,17.15,60.52,7,3,1,21596,-0.5628933673607424,-0.15412661027531974,1.7314551026444907,0.3258678330716158,1,2,高
57.88,14.46,58.22,6,2,1,4773,-0.5992692793819221,-0.38626594987507096,-0.01262563075980596,-0.3355038006835188,3,4,低
83.73,15.74,57.63,4,1,1,1260,-0.9214516118184889,-0.6932094978905682,-1.0866666141539327,-0.8987137393847555,0,1,紧急
54.43,20.03,70.13,6,1,2,1841,0.8475783871633074,0.08103116044949157,-1.2664658371559363,-0.10258462017743986,3,4,低
84.5,12.94,50.56,5,1,1,3794,-1.625077095822523,-0.828708606967656,-0.9591023221534993,-1.1389712158994683,0,1,紧急
38.87,21.07,67.43,6,1,2,1381,1.4842401441660047,-0.024905212168167018,-1.2896227330991876,0.0680864913933501,3,4,低
51.53,13.31,52.98,7,2,1,9757,-0.7244541659725096,-0.44996373973352344,0.2382743026775108,-0.31686192317616163,3,4,低
54.73,19.74,86.38,18,3,1,48125,0.7692908727000239,2.421378113716715,3.0669535645543173,2.0776533580475256,2,3,中
12.19,21.31,92.7,16,2,1,15024,2.1985143257851743,2.3855532082153013,0.5034207612277409,1.7065032408385512,2,3,中
87.08,12.61,65.31,7,1,1,1304,-1.769170630510728,0.03381236188711979,-1.0844516067158825,-0.9380897035035122,0,1,紧急
0.0,20.14,68.74,5,1,2,3042,2.2119400952884396,-0.11540369800875216,-1.2060062023127947,0.3094995361681662,1,2,高
36.62,18.5,68.76,5,1,2,1538,0.9110661973690689,-0.11461898413750987,-1.2817191838315998,-0.15210538801560086,3,4,低
0.0,16.7,66.74,5,1,2,2987,1.3707311911505773,-0.19387508513294407,-1.2087749616103574,-0.0004592165943325677,3,4,低
89.78,17.48,45.97,5,3,1,36331,-0.6446179691246888,-1.0088004404176767,2.4732308890006025,0.25357201609160296,1,2,高
100.0,14.7,49.62,4,3,1,12467,-1.5755596013436055,-1.007487403322957,1.2718914003272226,-0.4520895603530024,3,4,低
88.46,13.47,59.38,8,1,1,2986,-1.592777983181808,-0.05695805652917876,-0.9997779132886021,-0.8816558876308727,0,1,紧急
41.34,12.8,47.09,7,2,1,8694,-0.5987779818259588,-0.6810619748142682,0.1847617366173447,-0.36994625275228893,3,4,低
63.13,13.78,53.03,7,1,1,1388,-0.8945585924643993,-0.44800195505541845,-1.0802229561523324,-0.8050285822200428,0,1,紧急
30.3,21.17,88.96,20,2,1,7188,1.719277289572453,2.8064006919207833,0.10894807294226463,1.5579968737601355,2,3,中
47.53,15.65,40.47,7,1,1,-23,-0.0539478472519376,-0.9408022661953435,-1.1512542174043494,-0.7117295321593888,0,1,紧急
40.03,19.16,78.84,7,2,2,29449,0.9886698685523402,0.5646712957822779,1.020543423961334,0.8563823348377301,1,2,高
46.51,19.27,102.31,5,3,2,35122,0.8563414035218078,1.201738534870809,2.203321136132468,1.4136048396910421,2,3,中
46.03,18.84,97.32,19,1,1,2597,0.7629849265760692,2.992513845692975,-1.0193605926840907,0.9299337417345739,1,2,高
69.05,13.16,60.14,5,1,1,493,-1.1916390034020174,-0.4528306626427771,-1.1252782210853978,-0.9212210762071182,0,1,紧急
16.15,19.73,84.46,7,2,2,16043,1.7148393722250495,0.7851758936012568,0.34567093044996394,0.9536405078048812,1,2,高
0.0,18.39,70.32,6,1,2,971,1.7839995190555158,0.08848594222628975,-1.3102625751355643,0.20021402103071106,1,2,高
6.45,20.1,97.24,7,1,2,2777,2.043668174192411,1.286608057324843,-1.2193465880192331,0.720527767789383,1,2,高
31.83,19.42,92.82,5,2,2,-503,1.253741310861641,0.8293918029665183,-0.4872725484131665,0.5408955227112415,1,2,高
48.09,21.37,79.33,17,1,1,1690,1.3310460845993144,2.0028692296970085,-1.0650199505548064,0.7727219355856385,1,2,高
91.49,13.34,42.5,1,1,2,1063,-1.699021494760419,-1.7125372747058711,-1.3056311959469138,-1.574775793678486,0,1,紧急
59.78,12.82,61.9,1,2,2,11503,-1.0469978347965372,-0.9513648196012098,0.11712243570569872,-0.6336757773438432,0,1,紧急
57.0,18.6,91.69,15,1,1,3000,0.43473935471351594,2.2040279133106537,-0.999073138194677,0.5608749633045461,1,2,高
32.01,18.04,88.84,5,2,2,6049,0.9118566107911531,0.6732337425893767,-0.15743780445624458,0.4814483097504362,1,2,高
83.2,14.57,54.23,1,2,2,12194,-1.1945372102186071,-1.2523025892224857,0.15190812069871354,-0.7731579518947685,0,1,紧急
41.75,17.55,67.66,6,2,2,16062,0.552700425828529,-0.015881002648885353,0.34662741093457655,0.2938413363302607,1,2,高
66.19,14.41,66.89,1,2,2,9479,-0.8156907899763227,-0.7555787087263509,0.015232093555391936,-0.5234137147366689,3,4,低
26.06,19.36,66.84,8,1,2,4150,1.3808504169764093,0.23574021744405702,-1.1502282877364411,0.16672235308975764,3,4,低
21.85,18.82,83.56,21,1,1,2648,1.352248969234934,2.7364251910923962,-1.016793197699078,1.0425587618145413,2,3,中
27.8,17.42,82.85,11,1,2,3921,0.86369216527903,1.2895954045940037,-1.1617563946299292,0.3439279896278588,1,2,高
86.42,14.39,54.99,1,2,2,11162,-1.3176763055155059,-1.2224834621152927,0.09995612806081008,-0.821502992428461,0,1,紧急
92.36,12.64,57.76,5,2,1,5427,-1.8915755031331722,-0.5462116133205656,0.020297434342121258,-0.8127665509251522,0,1,紧急
21.38,19.06,84.49,5,1,2,2203,1.422486877033549,0.5025584755942588,-1.24824236687016,0.23843630637099206,1,2,高
78.47,13.19,49.43,4,2,1,10793,-1.4157726121411007,-1.014942185099755,0.2904276596279643,-0.72224152708313,0,1,紧急
79.18,14.09,49.55,7,2,1,8217,-1.2131351197437301,-0.5845421686515124,0.1607490423457556,-0.5517361974264854,3,4,低
83.73,13.02,47.26,2,1,1,1575,-1.5865935360205197,-1.3838781289433641,-1.070809174540619,-1.3494902944746128,0,1,紧急
36.35,17.07,94.25,5,1,2,2937,0.5680120950089522,0.8854988447603157,-1.2112920155172326,0.0923409076147867,3,4,低
27.38,19.09,82.22,8,1,2,2226,1.2823900503038632,0.8391851844290925,-1.2470845220729974,0.3050567200569456,1,2,高
50.18,19.41,79.75,6,1,2,1789,0.8003968279904747,0.4584785325168547,-1.2690835732190864,0.007758999553663881,3,4,低
94.18,12.37,38.65,4,1,1,2083,-2.002321949046859,-1.4379029616991494,-1.0452359068467674,-1.4989836822521223,0,1,紧急
47.81,16.43,70.35,7,2,2,11795,0.1299111766368414,0.23156025744008304,0.1318220305218497,0.16475305605083906,3,4,低
73.14,13.5,45.6,6,2,1,10670,-1.2089963910692882,-0.8814204026287216,0.28423570701705136,-0.6098490006878354,0,1,紧急
51.25,20.02,95.02,14,3,2,32920,0.9232724764156258,2.1927855284655027,2.0924700820736857,1.7333985923383641,2,3,中
67.6,15.66,50.03,6,3,1,72119,-0.5446656932699628,-0.7076062801486366,4.274837393385573,0.9783831731869255,1,2,高
70.98,12.65,46.78,4,1,1,4794,-1.3637773800606985,-1.1189167730393095,-0.908761244015996,-1.1323829781968595,0,1,紧急
85.87,14.18,51.72,4,3,1,43911,-1.3555144874982032,-0.9250924468425553,2.8548162612828776,0.1678252592892603,3,4,低
85.87,14.69,35.62,5,3,1,33545,-1.2308003767103226,-1.4148898687853697,2.332980645309518,-0.1259916065767568,3,4,低
24.09,20.68,79.54,9,1,2,2830,1.7520470324021917,0.8759307700896061,-1.2166785108779454,0.4851806919333243,1,2,高
48.08,18.72,92.79,17,1,1,3046,0.6832675050314235,2.5309816650428205,-0.9967574486003518,0.7551925749013797,1,2,高
46.72,14.62,53.25,3,2,1,8709,-0.2859179951783835,-1.006959080099479,0.18551685278940727,-0.3742819418757225,3,4,低
38.05,21.68,69.74,18,3,1,41344,1.6535571721226647,1.7684961728434383,2.725590713703907,2.04322882196549,2,3,中
26.54,19.04,90.82,4,2,2,21448,1.290803789822323,0.6090231714353959,0.6177644577831696,0.8409566035237099,1,2,高
47.71,20.34,79.47,5,3,2,32658,1.0885099085254883,0.30559529391253737,2.07928071960166,1.1493482610021495,2,3,中
2.99,19.48,68.89,7,1,2,2146,1.9770746098185774,0.1742761448394232,-1.2511118083239978,0.31332918294222,1,2,高
46.2,17.65,86.04,5,1,2,2946,0.467808067795693,0.5633738006155081,-1.210838945813995,-0.0496093780618832,3,4,低
79.45,15.08,41.1,8,2,1,5739,-0.977677505122177,-0.7741865348442926,0.036003850721022336,-0.5773026265967919,3,4,低
69.89,13.68,52.38,3,1,1,1786,-1.0851201310179208,-1.0410941334985024,-1.060187207053606,-1.0621374712924003,0,1,紧急
58.6,11.54,48.25,5,1,1,3038,-1.3310106521178147,-0.9193430590960977,-0.9971601772254518,-1.0831364858752561,0,1,紧急
74.13,13.88,48.39,5,1,1,2644,-1.1403985885561674,-0.9138500619974043,-1.016994562011628,-1.023737450607181,0,1,紧急
24.48,18.74,72.73,6,1,2,3883,1.2680611946558895,0.18304396371094134,-1.1636693555991544,0.10668753240777529,3,4,低
25.22,18.21,77.55,16,2,1,16167,1.1202729371484603,1.7911324507495472,0.5609606135389072,1.1629742538842318,2,3,中
47.44,20.76,87.39,5,1,2,1239,1.1978501296116062,0.6163419869243373,-1.2967711661947132,0.18537319859063267,3,4,低
43.91,19.02,84.12,5,3,2,35926,0.8590946475424606,0.48804126897628375,2.2437953629550207,1.1875422450527497,2,3,中
25.56,21.76,72.47,7,2,2,16541,1.9800264293369882,0.3147399277917266,0.37074078736244065,0.8925943167376877,1,2,高
44.75,18.79,88.22,5,2,2,19591,0.7822104158267323,0.6489076125808769,0.5242810756818258,0.6528935349939874,1,2,高
13.25,20.42,74.08,5,1,2,2510,1.9548294875955,0.09411490561284028,-1.2327876558819466,0.28487112542454013,1,2,高
34.69,19.31,80.89,17,1,2,3603,1.156565815667679,2.0640769116538786,-1.1777648574776554,0.6977890327395363,1,2,高
23.16,20.67,73.45,5,3,2,76255,1.7724537650693817,0.06939641866872001,4.274000703162393,2.018186678732473,2,3,中
77.36,12.95,44.47,1,3,2,24153,-1.447186509537714,-1.635242958388542,1.6511298500421936,-0.4961053501057999,3,4,低
2.49,19.03,84.69,5,1,2,4392,1.8793188265998226,0.5104056143066781,-1.1380457468271652,0.4306469395435938,1,2,高
44.15,19.0,71.19,5,2,2,9116,0.8483065800640515,-0.019276248781617017,-0.0030417178085217836,0.2775381647283956,1,2,高
76.03,11.79,57.21,1,1,2,1350,-1.6981690064306774,-1.1353802224074399,-1.2911833065214504,-1.3754813399495767,0,1,紧急
78.06,15.94,64.74,1,3,2,34364,-0.7332199787973425,-0.8399354498848574,2.1651625989042405,0.1797835472430771,3,4,低
97.32,14.96,52.26,0,1,2,2020,-1.4461264738564892,-1.471494149946745,-1.257454784169323,-1.392894761118418,0,1,紧急
68.3,11.93,33.35,2,3,1,34110,-1.4739909752640201,-1.9296466263921186,2.361423354457208,-0.3716622975437438,3,4,低
76.65,12.96,39.5,8,1,1,1193,-1.427294902293964,-0.8369636445436461,-1.0900394663891455,-1.1181656790893366,0,1,紧急
0.76,21.11,55.62,6,2,2,10954,2.4304666028110136,-0.4882787531365205,0.08948518380820938,0.6815497105235522,1,2,高
79.66,12.68,59.3,4,1,1,3241,-1.5697275915228945,-0.6276858896418682,-0.9869409383635387,-1.061822044391116,0,1,紧急
36.05,19.28,82.2,5,2,2,11709,1.1158115559677861,0.4127087373370595,0.1274926978020244,0.5555651224224423,1,2,高
20.61,20.83,73.96,4,2,2,8728,1.8742387647404901,-0.05249062202154184,-0.022574056125873078,0.6046660424557997,1,2,高
22.48,18.02,75.3,17,2,1,12742,1.1411385316846179,1.8447493846417617,0.3885424209179583,1.1315835707340076,2,3,中
37.45,18.44,86.63,5,1,2,1941,0.8759990575007909,0.5865228598171442,-1.261431729342186,0.07876701938346153,3,4,低
87.98,13.02,50.81,4,2,1,6704,-1.6910252095702092,-0.9607969279840626,0.08458299112371304,-0.8638909244825347,0,1,紧急
42.26,14.06,52.47,4,2,1,12742,-0.3132671527419508,-0.8956656766709835,0.3885424209179583,-0.2795381245234405,3,4,低
82.9,13.48,26.29,6,1,1,2633,-1.4537114072990014,-1.6390616453127942,-1.0175483138711405,-1.3733034588759463,0,1,紧急
64.53,15.95,52.27,3,2,1,3783,-0.3983132998107654,-1.0454100597903329,-0.06246329811593423,-0.5061769548767922,3,4,低
95.53,13.67,46.51,4,3,1,18199,-1.717595649224907,-1.1295104103010754,1.5604464602113919,-0.44641423654668844,3,4,低
40.99,19.29,80.8,5,1,2,1359,0.9968704677866543,0.35777876635012495,-1.290730236818213,0.03278840374936859,3,4,低
6.27,21.19,66.05,19,1,1,1993,2.3146370073442997,1.7656137080062348,-1.0497666038791427,1.0283297012101222,2,3,中
77.04,14.95,45.67,5,1,1,2343,-0.9502484745571856,-1.0205711484863054,-1.0321472265310165,-1.0007334119033742,0,1,紧急
67.01,15.52,46.05,1,3,2,29670,-0.564403365864052,-1.5732505625604307,1.9288615781267997,-0.08770270734359509,3,4,低
86.75,14.86,55.77,4,1,1,1699,-1.2108525059121018,-0.7661878879160666,-1.0645668808515687,-1.0132795469910336,0,1,紧急
91.4,11.39,41.09,7,1,1,698,-2.173658071156558,-0.9164761361868438,-1.1149583000672094,-1.4038595441677053,0,1,紧急
35.24,20.42,90.4,5,1,2,2051,1.4144877225701662,0.7344414245462464,-1.2558942107470605,0.3112979820338362,1,2,高
17.69,18.09,69.98,5,1,2,2528,1.2759567938640552,-0.06675143799175284,-1.2318815164754713,0.0029237845071580226,3,4,低
2.03,19.41,76.36,6,2,2,30167,1.983546258912249,0.3254695313413494,1.0566883180640614,1.1219666327482842,2,3,中
100.0,14.0,49.34,7,1,1,1308,-1.746735831836775,-0.5927816642995524,-1.0842502424033325,-1.1414047833380105,0,1,紧急
88.29,15.97,63.07,5,2,1,25254,-0.9772570359070721,-0.337870080505836,1.0184099905744004,-0.1086541429148426,3,4,低
75.14,14.43,54.56,4,1,1,7522,-1.0307208589500654,-0.8136630771262028,-0.7714307828568868,-0.8727655703870542,0,1,紧急
84.22,16.88,77.21,0,3,2,34416,-0.654719251243073,-0.49256359557245155,2.1677803349673903,0.3239454864826701,1,2,高
67.64,19.46,70.19,4,1,2,546,0.38359381449652385,-0.20040918675064337,-1.331657533344003,-0.3745586070169147,3,4,低
96.69,14.12,54.06,2,2,2,13433,-1.636057490604457,-1.1170754127211115,0.2142807165110802,-0.8555646794384286,0,1,紧急
15.56,17.99,72.8,5,1,2,3603,1.303841744218001,0.04389321785335745,-1.1777648574776554,0.06725483340420635,3,4,低
88.0,12.02,40.75,6,1,1,2726,-1.9360541248729541,-1.071713516404887,-1.0128665936043528,-1.3428570440526868,0,1,紧急
62.23,12.01,48.39,5,1,1,2802,-1.3052749755059332,-0.9138500619974043,-1.0090406716659026,-1.0765301981217048,0,1,紧急
18.27,20.02,78.5,13,1,2,1739,1.7336622631612149,1.4027146264127475,-1.2716006271259617,0.6383437962654986,1,2,高
89.94,11.9,53.74,1,1,2,2161,-2.0130686089845486,-1.2715280790679127,-1.2503566921519351,-1.5137468959155398,0,1,紧急
100.0,14.91,49.43,3,1,1,637,-1.5242067321956545,-1.1568394295066855,-1.1180291058335974,-1.267564783469172,0,1,紧急
66.41,13.62,43.62,6,1,1,1460,-1.014281267827573,-0.9591070758816718,-1.076598398526432,-1.0161115052119336,0,1,紧急
4.81,20.26,81.05,21,1,1,1686,2.123092509644646,2.637943600251535,-1.0652213148673564,1.2525492414060002,2,3,中
97.11,11.65,41.95,7,1,1,1532,-2.25038535333577,-0.8827334397234413,-1.0729738409005316,-1.4045353307548054,0,1,紧急
72.23,14.36,75.97,7,2,1,5917,-0.9763335008159483,0.45206485525906237,0.04496456262949792,-0.1611467755004147,3,4,低
77.51,12.19,43.37,3,1,1,556,-1.6367208121312116,-1.394607732492987,-1.122106733162735,-1.386739001644587,0,1,紧急
73.02,12.44,34.84,5,1,1,3164,-1.4652574525125002,-1.4454937097638043,-0.9908172013801264,-1.3032738674531446,0,1,紧急
43.07,14.54,52.8,1,2,2,7483,-0.2157926144887101,-1.308409631016283,-0.08524869840706474,-0.5408404382075548,3,4,低
32.5,19.52,84.62,10,1,2,2300,1.261731711891823,1.2171453377919836,-1.2433592822908222,0.4265611668488571,1,2,高
46.78,19.6,77.6,9,1,2,5265,0.9304042865355153,0.7998135245791395,-1.0940979856131248,0.22362753512974265,1,2,高
43.64,10.21,58.92,5,3,1,12921,-1.2886459991599297,-0.500698208788534,1.294746249801649,-0.17761561942171344,3,4,低
69.64,16.09,62.79,4,3,1,71342,-0.48964178355658133,-0.4907533191101533,4.235722375672732,1.057059719879955,2,3,中
51.9,17.31,87.13,9,1,2,2715,0.24460402392144423,1.1737296842259137,-1.2224677348637583,0.07704195245216283,3,4,低
60.17,16.3,45.05,4,1,1,1602,-0.2055905735814401,-1.1867945229017356,-1.0694499654309066,-0.8187012962787715,0,1,紧急
72.9,16.3,58.16,8,3,1,31634,-0.5183941510608625,-0.10482560267493607,2.2367788449887493,0.5228565028930174,1,2,高
43.21,18.73,94.36,17,3,2,49889,0.8053792915614577,2.592581703935311,2.9467078369889803,2.108039607541016,2,3,中
79.22,16.07,72.88,6,2,1,7574,-0.729933811259484,0.18892931774525545,0.12837972910334094,-0.13962343943729566,3,4,低
44.29,17.59,80.29,8,1,2,2348,0.5000686421688619,0.7634602958542476,-1.2409429105402219,0.018725326843268886,3,4,低
36.76,18.66,66.19,16,3,1,51735,0.9467520907228456,1.3454149718841373,3.248684856630704,1.8345952930903366,2,3,中
25.22,20.94,103.05,11,1,1,1015,1.7878602360718219,2.0821564145483418,-1.0990001782976209,0.9417709051558969,1,2,高
16.56,18.62,67.88,6,1,2,2289,1.4333281931795745,-0.00724915006522428,-1.2439130341503348,0.0718890884968782,3,4,低
42.98,20.52,72.9,19,1,1,1535,1.2487529631306298,2.0343782089065927,-1.0728228176661192,0.7531239062805735,1,2,高
44.29,19.29,70.79,8,2,2,20637,0.9157823447951309,0.39072120701433605,0.5769378434136543,0.6281035501061952,1,2,高
64.55,15.63,42.61,7,2,1,21642,-0.47705673406300225,-0.8568378819724581,0.8365780163417381,-0.17481387388989894,3,4,低
100.0,13.05,53.52,4,2,1,10215,-1.9790464303632191,-0.8544681984307826,0.26133051646448735,-0.8670048954079524,0,1,紧急
62.55,14.3,35.11,3,3,1,11229,-0.7531472550354649,-1.7186945613158995,1.2095691455929933,-0.43557197832383987,3,4,低
55.85,19.17,65.64,6,2,2,16796,0.6023836960840044,-0.095137103644319,0.38357776228750395,0.29595337179757897,1,2,高
43.39,21.33,86.49,15,2,1,24678,1.4367537305807052,2.0000023067877546,0.9894135295671983,1.4798914172999775,2,3,中
60.56,13.9,49.1,0,3,2,29565,-0.8020636485089679,-1.5954789416029682,1.923575764922362,-0.17676711187224248,3,4,低
84.42,13.48,51.06,4,2,1,7492,-1.4910610881920667,-0.9509880045935385,0.1242517606960657,-0.7804156740724584,0,1,紧急
9.46,19.27,66.12,18,1,1,3653,1.7667398752902757,1.6264629621486515,-0.9662004141708872,0.8247613295541556,1,2,高
72.96,16.61,66.7,6,2,1,14093,-0.44406186420853855,-0.05354726846849721,0.45655321748172534,-0.017750339421009592,3,4,低
37.51,19.91,87.16,25,3,1,11619,1.23399481202751,3.445262665543663,1.2292021660666197,1.9767643272155122,2,3,中
82.98,13.86,61.39,1,3,2,32483,-1.3627529405670065,-0.9713750233178786,2.070471030927597,-0.1069792524098998,3,4,低
100.0,13.34,45.36,5,1,1,2444,-1.9081305634446206,-1.032734213490555,-1.0270627776391288,-1.32500191905806,0,1,紧急
81.34,11.38,54.74,1,1,2,2102,-1.928907531546154,-1.2322923855058165,-1.2533268157620479,-1.4732348253286351,0,1,紧急
0.0,19.25,75.77,7,3,2,15536,1.994301745089981,0.4442177165466431,1.2173407797313274,1.218149722353708,2,3,中
62.3,14.76,51.11,6,2,1,14955,-0.6345169782336694,-0.6652317311015731,0.4999472268362532,-0.27343439912363016,3,4,低
80.32,12.65,43.57,8,3,1,15323,-1.5932813402851917,-0.6772743717459156,1.4156655194879322,-0.2998189355012385,3,4,低
26.87,19.07,62.18,6,2,2,12574,1.290031101687164,-0.23089260336917097,0.17103773039096482,0.4117139952003427,1,2,高
39.12,14.29,67.99,5,3,1,27966,-0.1798669565169795,-0.14483046818032416,2.052127770380387,0.5626777624750086,1,2,高
26.74,19.99,68.73,6,2,2,7396,1.5181999566523114,0.0261011894625576,-0.08962837220502755,0.48954198242407704,1,2,高
15.48,20.05,88.49,8,1,2,1241,1.809554709490769,1.0851929830634337,-1.2966704840384384,0.5487535842445677,1,2,高
12.63,18.82,80.93,12,1,1,4964,1.578804270441554,1.3561601173617104,-0.9002032607326204,0.6922370732309567,1,2,高
69.25,12.33,53.07,5,1,1,1046,-1.399519536968946,-0.7302270161267953,-1.0974396048753583,-1.0753274253881155,0,1,紧急
74.86,13.71,36.6,5,3,1,29418,-1.1999076345108586,-1.3764388890945156,2.125223015836042,-0.17068837229490663,3,4,低
32.97,21.86,93.92,6,3,2,19870,1.8224004821966042,1.0144483102917543,1.435519012379267,1.4237700408191571,2,3,中
100.0,12.3,42.11,4,3,1,11391,-2.162449534463044,-1.3021474619742974,1.2177244002512688,-0.7661989777684772,0,1,紧急
90.25,11.63,50.52,6,1,1,-340,-2.086711095589992,-0.6883807903032095,-1.167212339173938,-1.3149745363688659,0,1,紧急
12.39,18.66,73.14,5,2,2,23320,1.545575592936005,0.05723335366447016,0.7120029560565759,0.7716720198706128,1,2,高
0.0,17.73,75.15,12,1,2,3614,1.6226047874476701,1.129377808572796,-1.177211105618143,0.5399241706875908,1,2,高
30.6,18.51,77.1,5,1,2,3277,1.0614359661537247,0.2126067001703699,-1.1941760489504816,0.03722682410136985,3,4,低
47.32,13.69,45.76,6,2,1,9902,-0.5280811393515339,-0.8751426916587864,0.24557375900744877,-0.3916129053162958,3,4,低
89.95,13.63,46.73,0,1,2,3684,-1.5902645037791094,-1.6884675353451357,-1.1736872301485175,-1.4869341484328915,0,1,紧急
56.03,19.31,76.79,9,2,2,21569,0.6321959536558273,0.7680326127938422,0.6238557282378075,0.6751895869580685,1,2,高
37.51,19.51,79.47,16,3,1,29029,1.1361798231742706,1.8664649823887716,2.105640336440553,1.6994019625068164,2,3,中
100.0,12.71,45.14,1,2,2,7718,-2.062189170888473,-1.6089550437019378,-0.07341854504475147,-1.258505365872301,0,1,紧急
24.35,20.26,70.25,7,2,2,14195,1.6429525329008978,0.22763668808387366,0.2526406180518578,0.7113550678873343,1,2,高
19.12,19.56,78.0,11,2,2,14974,1.600288691270051,1.0993022908178387,0.2918563179209729,1.0032724231498142,2,3,中
2.75,17.98,76.14,20,2,1,13664,1.6161657196546755,2.3033991004547136,0.43495689496073636,1.4607708845279868,2,3,中
64.95,15.29,38.56,6,3,1,33242,-0.5700283379811686,-1.157639685305877,2.3177272986338546,0.17762077111667696,3,4,低
75.09,12.0,46.74,2,1,1,2639,-1.6237183083093831,-1.4042806895956537,-1.0172462674023155,-1.351295192931279,0,1,紧急
38.4,19.33,74.66,25,2,2,10324,1.070293857141083,2.9548164960174637,0.05777030458158227,1.3731478400711516,2,3,中
100.0,13.2,47.63,6,1,1,1642,-1.9423658095432548,-0.8017719446976668,-1.0674363223054064,-1.2719782481603972,0,1,紧急
100.0,13.35,41.52,5,1,1,1527,-1.9056851887232897,-1.1833992767690034,-1.0732255462912192,-1.3900095263119243,0,1,紧急
22.57,18.65,85.89,16,1,1,3620,1.2929856448650652,2.1183581350574276,-0.9678616697494249,0.8306183650387136,1,2,高
93.32,12.61,44.24,7,2,1,7821,-1.922500899440154,-0.7928837014662417,0.1408139754033043,-0.86673299096669,0,1,紧急
93.46,14.5,55.99,5,1,1,1616,-1.4637651792961153,-0.6156587909254752,-1.0687451903369816,-1.0489538226666486,0,1,紧急
89.22,13.92,55.46,1,2,2,7234,-1.5014109611684465,-1.2040426861411075,-0.0977836268633031,-0.941768277601791,0,1,紧急
52.15,13.26,53.09,1,2,2,1366,-0.7519157778381781,-1.297031279883275,-0.39318507337417274,-0.8179602482739956,0,1,紧急
66.76,14.21,65.92,5,2,1,9691,-0.8786044147378421,-0.2260483538538625,0.23495179152043555,-0.2943701302328997,3,4,低
81.04,13.55,54.3,2,1,1,815,-1.390889569472644,-1.1076588462662087,-1.1090683939251216,-1.203283053876518,0,1,紧急
35.96,19.22,63.29,8,1,2,3118,1.1033508019032048,0.09645350529861625,-1.2021802803743444,0.009590700147982745,3,4,低
35.55,20.09,87.41,7,2,2,21899,1.3261729876367363,0.90092118960944,0.6404682840231836,0.9585297825106854,1,2,高
40.71,17.33,85.42,6,1,2,3782,0.5244572267808175,0.6809449150139388,-1.1687538044910422,0.022778590576693514,3,4,低
53.76,14.13,44.67,2,1,2,1703,-0.578729352238852,-1.4854985752691925,-1.2734129059389117,-1.1113966128850008,0,1,紧急
90.2,14.83,58.98,1,3,2,29918,-1.3029625768399602,-1.0659330448025301,1.9413461655049007,-0.16099486369244376,3,4,低
86.69,13.18,46.08,4,1,1,1686,-1.620201129586772,-1.1463817585327765,-1.0652213148673564,-1.279008603052626,0,1,紧急
94.26,14.72,42.9,1,3,1,17687,-1.4296246622126572,-1.6968429972810328,1.53467182820499,-0.5490681816310156,3,4,低
89.28,13.64,49.33,3,2,1,24141,-1.571355782874651,-1.1607629988628951,0.962380370607359,-0.6036048268310659,0,1,紧急
63.25,11.26,47.75,5,3,1,10432,-1.5137416812576834,-0.9389609058771459,1.1694473063174031,-0.44179254030615184,3,4,低
20.97,18.39,69.95,6,1,2,4491,1.2687213556821075,0.0739687356083146,-1.1330619800915525,0.08021414190255022,3,4,低
35.09,19.45,68.03,6,1,2,1764,1.1809721983734012,-0.0013637960309096783,-1.270342100172524,-0.019571781420584522,3,4,低
69.25,14.53,48.96,12,1,1,1682,-0.8615370982761273,0.10179499418150303,-1.0654226791799064,-0.6040200200041657,0,1,紧急
89.98,13.19,55.56,5,1,1,1037,-1.698598156272142,-0.6325301391571764,-1.097892674578596,-1.143077309050346,0,1,紧急
8.1,19.72,78.63,7,2,2,7000,1.910199873286071,0.5564318001342375,-0.10956343914747889,0.7932388615137197,1,2,高
100.0,11.81,34.93,1,1,2,789,-2.2822728958082625,-2.0095514749709373,-1.3194246513565897,-1.8752369065371204,0,1,紧急
37.64,20.12,71.14,7,2,2,8490,1.2821533005727646,0.2625564553541391,-0.03455523272259887,0.5078570921801343,1,2,高
77.73,12.66,32.99,4,3,1,19153,-1.5271940750947564,-1.6599769872606123,1.60847184875457,-0.5452790171955277,3,4,低
93.62,13.64,47.59,1,1,2,2863,-1.6779989506877455,-1.5128275944748026,-1.2150172552994079,-1.4708209728696886,0,1,紧急
22.94,20.31,82.95,6,3,2,24047,1.6898261499675666,0.5840327519155618,1.6457936957596184,1.3031870149885663,2,3,中
70.44,13.93,45.55,5,2,1,11755,-1.0375004501498999,-1.025279431713757,0.3388557767962425,-0.5827701788682623,3,4,低
7.15,18.57,74.51,10,1,2,4610,1.6523253308911727,0.8204724758791938,-1.1270713917931894,0.4623444835867262,1,2,高
36.58,20.04,85.59,19,1,1,3641,1.288636790793333,2.53227916020959,-0.9668045071085373,0.9688339637706529,1,2,高
44.98,18.85,70.01,6,1,2,2060,0.7912310677037946,0.07632287722204045,-1.255441141043823,-0.11949216039532462,3,4,低
40.76,19.38,79.36,17,1,1,4193,1.0245304367295576,2.0040463005038713,-0.9390162319766354,0.7113853115597888,1,2,高
96.09,14.64,38.01,8,1,1,1680,-1.4941547100058772,-0.8954248279511692,-1.0655233613361812,-1.1522821034567392,0,1,紧急
37.63,20.23,91.2,5,2,2,18426,1.3092981440922282,0.765829979395923,0.46563371965163447,0.85014620124458,1,2,高
35.83,18.97,91.4,17,2,2,6700,1.0454108144726262,2.476444050991507,-0.12466576258872987,1.1440323867147684,2,3,中
75.73,13.68,61.94,5,1,1,883,-1.2286215365544353,-0.3822064142310045,-1.1056452006117714,-0.9034460786749008,0,1,紧急
31.74,20.23,70.48,5,1,2,1735,1.4540281575528566,-0.04713359121070487,-1.2718019914385117,0.05628770861158505,3,4,低
74.17,14.22,53.51,6,1,1,2142,-1.0582387343702049,-0.5710660665525429,-1.0422657832366546,-0.8890212019809689,0,1,紧急
9.78,20.08,74.22,5,1,2,2942,1.9569521370037564,0.09960790271153372,-1.211040310126545,0.2945533632865576,1,2,高
50.19,14.57,55.69,6,1,1,2556,-0.38341025871854933,-0.4855322545871738,-1.0214245768877284,-0.6266704479133531,0,1,紧急
3.77,19.41,86.82,5,1,2,3047,1.940790703153082,0.5939776415939423,-1.2057544969221072,0.45726448230227096,1,2,高
60.1,14.06,43.66,7,3,1,28934,-0.7516344600658232,-0.8156404037322575,2.1008579340174904,0.1607212294397048,3,4,低
72.44,13.87,42.95,1,3,2,23556,-1.1013170154424459,-1.6948812126029278,1.6210762263941043,-0.4098110534853152,3,4,低
79.5,14.54,54.8,6,3,1,12140,-1.1109563479981648,-0.5204520218574391,1.255429867776259,-0.13743512915247613,3,4,低
81.08,15.26,52.67,1,1,2,1363,-0.9737133784643351,-1.3135102711793551,-1.290528872505663,-1.1918178046554748,0,1,紧急
36.04,20.78,83.88,7,1,2,1785,1.482863485752258,0.7624191913352412,-1.2692849375316364,0.33930510661875973,1,2,高
35.26,19.48,72.5,15,3,1,38770,1.184131055595407,1.4510949538540323,2.596012778577973,1.7362417422718577,2,3,中
70.16,12.09,44.32,6,2,1,13218,-1.4805691944997645,-0.9316420903882044,0.4125047741114099,-0.6760049264786627,0,1,紧急
34.5,18.86,92.74,5,2,2,126,1.0511926633194175,0.8262529474815504,-0.4556080102646769,0.4821515155383451,1,2,高
41.72,18.71,95.78,9,3,2,58965,0.8371010582573927,1.5131184335380439,3.4036034621649605,1.9049246466732324,2,3,中
46.7,19.64,64.28,7,3,2,19071,0.9421515580994215,-0.006600402481839067,1.3952964909474017,0.7711493826758379,1,2,高
80.42,14.47,36.75,1,3,2,29756,-1.150680356851179,-1.9381425126879226,1.933190910846625,-0.40609546493348636,3,4,低
4.91,18.06,64.3,4,1,2,3488,1.5826528551035985,-0.4315074218313885,-1.1835540814634682,-0.0009881846484841028,3,4,低
81.1,12.71,47.4,4,2,1,5372,-1.597775375573384,-1.0945906430308099,0.017528675044558607,-0.8995498923414312,0,1,紧急
74.56,12.97,46.41,6,2,1,5551,-1.3734937163446683,-0.849639490843424,0.02653972803117164,-0.7387898462949211,0,1,紧急
61.8,13.39,34.24,5,2,1,9380,-0.9572472358148755,-1.469035125901062,0.219295716219672,-0.74432299504673,0,1,紧急
41.22,18.56,84.8,6,2,2,15268,0.8127065166785673,0.6566187850054391,0.30665659489339886,0.5944857338618978,1,2,高
38.99,20.03,77.36,6,1,2,4493,1.226972514129708,0.3647052249034453,-1.1329612979352772,0.16408520910110092,3,4,低
75.0,12.34,41.59,5,2,1,8747,-1.538364073520724,-1.1806527782196568,0.18742981375863238,-0.8529324782582764,0,1,紧急
92.06,14.78,81.05,3,1,1,2285,-1.3608936652236556,0.08379320092678819,-1.0350670090629919,-0.7679201148854728,0,1,紧急
20.15,18.08,86.58,12,3,1,35331,1.2130639092763156,1.5778417859875522,2.422889810863099,1.7319472153429256,2,3,中
11.68,19.57,76.58,16,1,1,1679,1.7855509250995443,1.753073827994314,-1.0655737024143188,0.8411657200611249,1,2,高
26.4,21.75,100.04,6,3,2,38127,1.956940441490542,1.2545707548917815,2.3545960759356657,1.8507063250621238,2,3,中
96.62,16.26,66.3,1,1,2,321,-1.1110272491458641,-0.7787277679279877,-1.3429842759249415,-1.0751136678100717,0,1,紧急
65.36,19.17,88.73,7,1,2,5944,0.3687024689175232,0.9527123051114068,-1.05991639355776,0.09755978369675355,3,4,低
81.06,10.8,36.6,7,1,1,1540,-2.063859061008313,-1.0926444002806548,-1.0725711122754318,-1.412390971155941,0,1,紧急
40.71,18.35,79.6,11,2,2,9564,0.7738854483565797,1.162079400517192,0.019511085197079732,0.6575752733991738,1,2,高
21.91,19.55,81.07,8,3,2,32006,1.52928699438316,0.794064136832682,2.0464583366560074,1.451123342494018,2,3,中
88.68,16.05,63.62,1,1,2,1274,-0.9672771799445133,-0.8838794266744048,-1.2950092284599006,-1.0465033994642714,0,1,紧急
55.2,14.2,49.87,5,3,1,16123,-0.5969956374040184,-0.8557812355255024,1.4559383819979348,-0.011979019787766165,3,4,低
100.0,10.13,49.3,6,1,1,2335,-2.6930958489918697,-0.7362483364489668,-1.0325499551561166,-1.4907383769487546,0,1,紧急
37.78,19.51,65.65,16,3,1,29951,1.129545340384055,1.3242276973606057,2.1520548104833312,1.5298454452646837,2,3,中
42.13,19.57,75.32,12,3,2,55410,1.037328699314123,1.1360478764783517,3.224640929386136,1.7866807876343256,2,3,中
42.61,17.62,92.78,17,1,1,2691,0.5486859925830854,2.5305893081071993,-1.0146285313391654,0.7039914845578408,1,2,高
82.55,15.31,51.47,0,3,1,23324,-0.9976075778266312,-1.502490347860801,1.8184444856660966,-0.2455866820092113,3,4,低
13.14,18.3,79.54,14,1,1,9127,1.4391129841063797,1.5854169921242576,-0.690633352446194,0.791085534479492,1,2,高
99.81,13.69,40.32,6,1,1,1563,-1.817873738086403,-1.0885848646365883,-1.0714132674782693,-1.327996769891306,0,1,紧急
88.17,13.09,40.19,1,3,2,14020,-1.678576296632525,-1.8031717268343128,1.1410237052748722,-0.7973846464172376,0,1,紧急
100.0,14.58,54.81,2,1,1,1055,-1.6049040979995772,-1.0876486425495397,-1.0969865351721209,-1.2644985734539635,0,1,紧急
30.03,18.28,79.31,7,1,2,3863,1.0191984778980112,0.583112071756463,-1.1646761771619045,0.15741009084780716,3,4,低
67.53,14.47,51.21,7,2,1,11414,-0.8339452340145916,-0.519410917338433,0.3216894691513539,-0.3497165979423705,3,4,低
92.46,13.47,69.55,7,2,1,5229,-1.6910666171109274,0.20017170259040637,0.010329900870895616,-0.49741954634485386,3,4,低
35.34,19.76,76.67,6,2,2,18625,1.2506357751140924,0.3376325963455992,0.4756515942009976,0.6895798122888926,1,2,高
89.82,15.68,33.62,0,3,2,45881,-1.0857683053035592,-2.2028474779442133,2.744940795813867,-0.20762300314359838,3,4,低
72.77,19.32,86.84,5,2,2,10523,0.2233033953837942,0.5947623554651847,0.06778817913094543,0.2974254254367706,1,2,高
50.07,18.28,68.85,6,2,2,21851,0.5267724219131235,0.03080947269000872,0.6380519122725834,0.39625819666017287,1,2,高
93.49,13.06,41.54,7,1,1,1797,-1.8166363039222466,-0.8988200740839009,-1.0596334551940934,-1.259847267381223,0,1,紧急
82.6,15.87,44.21,1,3,2,28965,-0.8618952013562099,-1.645444238714687,1.8933711180398598,-0.22357777235627863,3,4,低
86.93,11.45,43.13,8,1,1,2210,-2.049148274412781,-0.6945380769132377,-1.0388425899233045,-1.2623983911192758,0,1,紧急
75.9,15.47,44.02,3,3,1,43133,-0.7950767283781747,-1.3691045316776245,2.8156509024919005,0.19384448076026162,1,2,高
47.07,11.84,41.73,10,2,1,10805,-0.9743324231771977,-0.46567355908631164,0.2910317525656143,-0.38883396389149877,3,4,低
16.26,22.02,75.64,5,1,2,726,2.272127245976796,0.15532258756971004,-1.3225961392792525,0.38268012374856064,1,2,高
33.92,18.92,89.73,15,1,2,4503,1.0801167635671263,2.127125953928946,-1.1324578871539024,0.7081593715573735,1,2,高
30.56,19.38,70.47,5,1,2,2652,1.2751664532488118,-0.047525948146326075,-1.225639222786421,0.011173478218717836,3,4,低
84.13,14.87,47.45,7,2,1,9231,-1.1440280759671975,-0.6669371251319137,0.211794895577184,-0.5395396996926995,3,4,低
36.41,20.19,79.89,11,3,2,16655,1.3294946785552861,1.1734577516502,1.2736724461671936,1.2586947265259791,2,3,中
88.77,12.84,35.24,2,2,1,12880,-1.7544539597551676,-1.8554911655597572,0.3954894897009338,-1.0845766769883585,0,1,紧急
11.13,18.73,89.04,10,1,2,1568,1.593654135672995,1.3905671033364477,-1.2802089514874746,0.5843951008003823,1,2,高
58.27,12.91,51.12,7,1,1,1280,-0.9878855029963156,-0.5229421297590218,-1.0856597925911826,-0.8633912515260436,0,1,紧急
62.1,14.7,42.77,2,3,1,40678,-0.6442747948651996,-1.5600463930371748,2.6920635556643298,0.13977690350096728,3,4,低
78.26,14.47,42.79,1,1,2,1956,-1.0976044945294547,-1.7011589235728632,-1.2606766131701233,-1.3541574895253388,0,1,紧急
31.69,19.82,78.45,8,2,2,12017,1.3549964019023997,0.6912666196999909,0.14299774986837543,0.7347710338480082,1,2,高
97.2,13.74,63.95,1,1,1,1948,-1.7415135308409975,-0.8709316477989129,-1.0520319523953305,-1.2227304692893821,0,1,紧急
100.0,12.02,34.18,6,3,1,31406,-2.230920026660312,-1.3294920231078575,2.2253010791733985,-0.468530107529166,3,4,低
66.4,13.84,47.81,3,1,1,1839,-0.9602373023734685,-1.220401253077281,-1.0575191299123183,-1.079661424600963,0,1,紧急
85.92,11.67,33.0,6,1,1,2515,-1.9705321504763966,-1.3757901415111307,-1.023488561091366,-1.4602746808438793,0,1,紧急
43.55,17.47,68.29,6,1,2,3660,0.4889075427897769,0.008837484295235482,-1.1748954160238176,-0.21741572546847582,3,4,低
37.72,20.93,82.74,13,1,2,1776,1.4782628803219926,1.569073967116034,-1.2697380072348738,0.6091404452695435,1,2,高
96.61,15.88,45.04,5,3,1,29271,-1.2037057669716194,-1.045289635430426,2.1178228773498287,-0.06291858784392723,3,4,低
25.39,19.12,84.47,13,1,1,3239,1.3386247698475933,1.6369517169784602,-0.9870416205198137,0.677626148889274,1,2,高
78.29,13.02,54.16,12,2,1,9792,-1.4529209938769174,0.30582060070440176,0.24003624041232338,-0.30663687642823,3,4,低
79.68,15.29,90.3,6,3,1,31392,-0.9319762324251507,0.8724150995969668,2.2245963040794736,0.7088591171031386,1,2,高
87.83,13.74,44.59,3,2,1,9749,-1.5112724058620353,-1.3467401863472297,0.23787157405241074,-0.8832223686106481,0,1,紧急
79.05,16.02,62.84,7,2,1,260,-0.7379834179241515,-0.06309980121125713,-0.23981491639435856,-0.34771023593705236,3,4,低
26.66,18.47,82.6,10,1,2,6084,1.1484687716885826,1.1378892367965492,-1.0528686426185097,0.4241936977983173,1,2,高
62.66,11.52,37.62,0,1,2,1250,-1.4356643649985326,-2.0459047036958293,-1.2962174143352008,-1.595423720506083,0,1,紧急
90.93,14.01,55.99,5,1,1,1090,-1.5214209796811662,-0.6156587909254752,-1.0952245974373083,-1.0769949117532498,0,1,紧急
67.36,15.41,53.44,6,1,1,2079,-0.5999027432674907,-0.5738125651018896,-1.0454372711593174,-0.7369876809293672,0,1,紧急
69.42,13.81,46.68,0,1,1,1527,-1.0417813451539464,-1.6904293200232405,-1.0732255462912192,-1.2704186134461088,0,1,紧急
7.6,19.22,85.58,7,1,2,3644,1.800217216460661,0.8291198703908044,-1.1757008732740177,0.49902430578893037,1,2,高
23.74,16.93,85.41,9,1,2,3276,0.8436317673718671,1.1062442912991088,-1.194226390028619,0.26483914762399774,1,2,高
63.46,17.82,83.8,5,2,2,14773,0.08526398265417032,0.47548584703641283,0.2817377612153347,0.2809423845093191,1,2,高
33.61,20.0,90.9,5,1,2,5809,1.3518346026003802,0.7540592713272943,-1.066712439106323,0.3587885185477204,1,2,高
85.17,12.9,36.06,4,1,1,2382,-1.6513219408909743,-1.5395234080249778,-1.030183924483654,-1.4103297867846887,0,1,紧急
81.09,15.38,49.73,7,1,1,3409,-0.9446146033931858,-0.5774797438103352,-0.9784836372364382,-0.8321213765422089,0,1,紧急
56.23,13.38,48.46,4,2,1,4459,-0.8228256877899077,-1.0530008078549882,-0.02843272929498194,-0.6402225104602829,0,1,紧急
100.0,15.39,74.35,1,1,2,959,-1.4068287455717665,-0.46288043475311547,-1.3108666680732142,-1.057666895101054,0,1,紧急
100.0,14.45,46.79,10,2,1,9375,-1.6366939693768803,-0.26714094966210605,0.2190440108289845,-0.568121156413276,3,4,低
20.3,17.51,70.35,9,2,2,6608,1.0699917263881078,0.5153547462539438,-0.1292971417773802,0.49064943147448553,1,2,高
24.18,19.38,86.64,8,1,2,3421,1.4319368243657573,1.0126069499735564,-1.186926933698681,0.4333742381099465,1,2,高
61.72,15.75,45.78,1,2,2,3133,-0.3781730289021787,-1.5838441998221964,-0.3042323883052043,-0.7598080128617918,0,1,紧急
57.53,18.08,68.87,6,1,2,892,0.29455662520869513,0.03159418656125104,-1.314239520308427,-0.32067654832755244,3,4,低
100.0,15.1,49.75,6,1,1,2018,-1.4777446124903657,-0.7185922743460236,-1.0485080769257051,-1.0816737940961938,0,1,紧急
79.69,15.67,49.42,9,1,1,2078,-0.8392977145993953,-0.30584832000072404,-1.045487612237455,-0.7272386087378319,0,1,紧急
62.81,14.83,53.93,5,1,1,1968,-0.6299311560103152,-0.6964843196633929,-1.0510251308325804,-0.7901991331624274,0,1,紧急
33.05,19.43,86.46,5,2,2,6245,1.22620865223459,0.579852791911588,-0.1475709531412939,0.5588647586234462,1,2,高
9.89,18.67,97.13,13,1,2,1358,1.609451363863036,2.133675597474595,-1.2907805778963504,0.8363806913331304,1,2,高
78.02,14.74,62.49,5,2,1,13008,-1.0256820590177704,-0.36062678277185156,0.4019331477025342,-0.33441804504615924,3,4,低
87.96,15.08,53.89,1,1,2,3598,-1.1867865738063783,-1.2656427250335982,-1.1780165628683428,-1.2104591907969313,0,1,紧急
72.25,13.14,43.05,5,1,1,2449,-1.2751606599879748,-1.123368665618997,-1.0268110722484411,-1.142756494775262,0,1,紧急
62.37,15.34,44.1,1,3,2,13776,-0.4944052954902313,-1.6497601650065177,1.1287404822093214,-0.3518962705884049,3,4,低
57.24,18.29,93.07,13,1,1,3325,0.3530354203165073,1.974378681612485,-0.9827122877999884,0.4614771444779571,1,2,高
33.03,20.16,79.49,21,2,2,16872,1.4052124500613985,2.5767359182946654,0.3874036842259542,1.4663322048609717,2,3,中
83.54,12.51,46.84,4,1,1,1746,-1.7066389366967674,-1.1165626314255834,-1.062200850179106,-1.2970244905469657,0,1,紧急
37.5,17.87,86.32,17,2,1,25247,0.7353840904608101,2.277126727696059,1.0180576030274378,1.3468994873662217,2,3,中
90.27,12.95,52.75,5,1,1,6020,-1.7644130755439469,-0.7427824380666661,-0.8470430822194169,-1.12017498293434,0,1,紧急
89.38,13.52,52.84,0,2,2,3711,-1.6031574953788508,-1.4487374476807293,-0.2751352451417274,-1.1163858242771514,0,1,紧急
71.17,12.4,30.96,1,3,2,15573,-1.4295804582056062,-2.165317178412458,1.219203399622415,-0.8100310089989339,0,1,紧急
22.87,19.66,89.61,7,1,2,1836,1.5325968441748121,0.9872397154460512,-1.2667175425466237,0.432532801614782,1,2,高
25.95,19.01,63.45,6,2,2,16762,1.2979652391628758,-0.18106327254530902,0.38186616563082887,0.5001777699620056,1,2,高
83.92,15.65,32.29,7,1,1,1404,-0.9481286944221009,-1.2617502395332885,-1.0794174989021323,-1.0966810906784266,0,1,紧急
86.58,16.15,61.43,7,2,1,8393,-0.891221899918416,-0.11842212913381259,0.1696090720979562,-0.28377432259869745,3,4,低
4.84,18.74,70.45,14,1,1,2698,1.7506583872478654,1.2287645376448053,-1.014276143792203,0.669748261253025,1,2,高
23.84,18.69,70.34,18,2,1,21559,1.2715605024778944,1.7920375889806963,0.8323997068563254,1.3029787280760414,2,3,中
24.7,18.4,83.35,5,2,2,7505,1.1795125792645342,0.4578297849334694,-0.0841411946880397,0.5228677563334813,1,2,高
100.0,14.28,42.42,3,2,1,14450,-1.6782653396395073,-1.431881641376978,0.474524982376814,-0.8905100567941409,0,1,紧急
83.64,13.2,66.75,1,2,2,4374,-1.5403652967731567,-0.7610717058250444,-0.2417591103365627,-0.8528846494978022,0,1,紧急
56.84,13.21,41.93,4,3,1,32547,-0.8793860747267255,-1.3092098868154747,2.28274024932829,0.01120462962277502,3,4,低
9.53,19.53,80.95,19,1,1,1143,1.8285995669511224,2.350225542081465,-1.0925565202960206,1.0478037629314292,2,3,中
35.25,20.11,80.34,5,1,2,3237,1.338435384624082,0.33973034731156104,-1.1961896920759816,0.17242793469121787,3,4,低
38.77,20.47,84.56,4,1,2,1922,1.3399748767343727,0.36340772973667557,-1.2623882098267984,0.15924199794033023,3,4,低
17.57,18.14,73.63,6,3,2,18600,1.2911323264885841,0.21835608791682737,1.3715858431446377,0.9563636346892517,1,2,高
94.68,16.34,57.52,9,2,1,-163,-1.0437942639195938,0.011960797852253208,-0.2611091924465225,-0.4321650902792973,3,4,低
40.14,18.98,91.66,6,1,2,4207,0.9419501861353315,0.9257756428414172,-1.1473588462826032,0.25246965612573236,1,2,高
36.25,19.94,86.39,5,3,2,34412,1.2722918558791758,0.5771062933622414,2.1675789706548407,1.3313996441536475,2,3,中
36.24,18.53,73.96,5,2,2,18422,0.9277397417563283,0.08940662238538857,0.46543235533908445,0.49418840981890744,1,2,高
72.8,15.1,45.86,9,1,1,3100,-0.8093819017723539,-0.4455273890817857,-0.9940390303809267,-0.7473606269150606,0,1,紧急
79.87,16.78,43.91,5,3,1,26807,-0.5722841090584652,-1.0896259691555945,1.9937824608190207,0.09369811392242644,3,4,低
23.28,18.69,83.69,11,2,2,23339,1.2853209112279709,1.3225533871861643,0.7129594365411884,1.1104636888437536,2,3,中
48.57,16.78,61.84,7,1,2,3616,0.19682445143689395,-0.10233549477335308,-1.1771104234618677,-0.35370007222097744,3,4,低
72.16,16.31,61.41,0,3,1,62754,-0.4977653790626448,-1.1124875538535675,3.8033931966278534,0.7035034684171589,1,2,高
51.88,18.07,63.9,8,1,2,2430,0.43094394591224566,0.12038727837149475,-1.2368149421329466,-0.21961429666448185,3,4,低
25.61,18.59,81.85,5,1,2,2533,1.2036140347509487,0.39897624459032566,-1.2316298110847839,0.13546912451624715,3,4,低
84.28,15.25,50.73,7,2,1,16564,-1.0547896603289617,-0.5382440502482393,0.580946021559496,-0.34537747043291545,3,4,低
48.7,18.59,82.46,5,1,2,3219,0.6362428953951073,0.422910017663204,-1.1970958314824567,-0.03579922162544302,3,4,低
75.12,14.24,52.87,7,2,1,7148,-1.076691535485709,-0.45427966602535397,0.10693442981676454,-0.47966342624572367,3,4,低
49.28,18.56,81.53,16,2,1,18428,0.6146549193113917,1.9472905111266894,0.6747817912078024,1.0829210726526062,2,3,中
90.85,13.67,36.44,5,1,1,2197,-1.6025979475278371,-1.382716600064451,-1.039497023939092,-1.3442250930476936,0,1,紧急
0.0,18.9,58.08,5,1,2,925,1.908713629843396,-0.5336561913806949,-1.3125782647298894,0.03193825961494223,3,4,低
52.21,19.21,80.13,7,2,2,3246,0.701607851844827,0.6152853404773814,-0.29854384647566645,0.34510283214073917,1,2,高
13.3,18.92,67.57,5,3,2,20605,1.586794671471737,-0.1613094594764045,1.4725197048103318,0.9609489611695639,1,2,高
29.27,19.72,70.48,12,3,2,54166,1.3900072782162065,0.9461471196378078,3.162016628183082,1.8207514069642494,2,3,中
76.88,12.73,37.78,6,1,1,1980,-1.489190117335501,-1.1882435262843118,-1.0504210378949304,-1.2442357742378198,0,1,紧急
83.97,12.02,40.4,6,1,1,2897,-1.8370283261893663,-1.0854460091516207,-1.0042582692428397,-1.311389522075816,0,1,紧急
7.79,19.36,74.64,5,2,2,18205,1.829783752447662,0.1160868940076141,0.4545083413832462,0.8026706729628574,1,2,高
85.49,15.32,39.37,7,2,1,3439,-1.0674043490432032,-0.983961529113649,-0.07978062899523539,-0.7159703045281082,0,1,紧急
100.0,15.51,45.59,5,2,1,8803,-1.3774842489157948,-1.023710003971273,0.19024891413433256,-0.7451267054150241,0,1,紧急
69.98,15.95,67.57,1,2,2,7994,-0.5322315635391904,-0.7288984371041259,-0.059524407478800535,-0.4436684671265304,3,4,低
10.88,20.1,86.28,5,3,2,36714,1.9348135121159111,0.572790367070411,2.2834641325273735,1.5904881746144552,2,3,中
37.92,18.45,78.44,17,1,1,4720,0.8668955177354499,1.967949462426743,-0.9124864837981712,0.6549567100759617,1,2,高
0.0,21.1,82.4,4,2,2,20766,2.4466960685362156,0.27865863164254834,0.5834318424933922,1.1068799837677843,2,3,中
79.33,13.06,51.92,3,3,1,17248,-1.4686945398131641,-1.0591425525370666,1.512572094902626,-0.3547732598769084,3,4,低
6.99,17.91,84.74,7,2,2,10706,1.4948621446404917,0.7961618877986437,0.07700059643010855,0.79546616685894,1,2,高
84.63,12.74,46.97,1,1,2,4417,-1.677178970851839,-1.5371537244833022,-1.1367872198737277,-1.4531215558078805,0,1,紧急
13.18,18.64,82.25,6,2,2,16324,1.5212728382923424,0.5565677664220946,0.3598167734066024,0.8162832194373706,1,2,高
12.52,19.39,104.1,5,2,2,7080,1.7208935669904717,1.2719704263469602,-0.1055361528964786,0.9718110087675003,1,2,高
48.97,19.95,93.55,7,2,2,6917,0.9621793747059069,1.141828348080709,-0.11374174863289167,0.670396694732546,1,2,高
0.0,19.5,91.92,9,1,2,1790,2.055436113123256,1.3616686563883535,-1.269033232140949,0.7334806372032887,1,2,高
45.01,18.2,77.37,6,1,2,3355,0.6315445460628111,0.36509758183906654,-1.1902494448557561,-0.05459666798051982,3,4,低
4.61,19.49,83.54,20,1,1,5668,1.9397130877986146,2.593743232814224,-0.8647631417238181,1.241686849634906,2,3,中
46.68,19.99,87.01,11,1,2,2287,1.0282311165156512,1.4528158898123233,-1.2440137163066098,0.4272224774397068,1,2,高
43.16,20.01,100.78,7,2,2,9898,1.1196158638159392,1.425502412534663,0.03632500529500584,0.8679133900287491,1,2,高
35.77,21.05,56.73,6,1,2,1403,1.5555230860184104,-0.444727133282594,-1.2885152293801627,-0.04891751799723565,3,4,低
100.0,13.38,50.61,1,1,1,702,-1.8983490645592964,-1.394335799917273,-1.1147569357546594,-1.4721456631569798,0,1,紧急
100.0,18.1,43.88,7,3,1,39183,-0.7441321960910668,-0.8070085511485963,2.616803643848762,0.3350671885860479,1,2,高
21.83,17.46,67.3,7,2,2,11726,1.0201694503035643,0.11189139207569054,0.12834849613036198,0.42245187055294,1,2,高
29.23,18.89,74.77,20,2,1,15686,1.1880240626850256,2.249646200274642,0.5367465549547682,1.3321514138009913,2,3,中
66.36,17.47,70.42,4,1,1,2533,-0.07158339219102636,-0.19138497723136114,-1.0225824216848909,-0.42326536494183475,3,4,低
50.79,18.58,80.51,9,1,2,3124,0.5824417094458111,0.9139893928448389,-1.2018782339055194,0.1098614221766886,3,4,低
100.0,14.26,58.5,3,3,1,43738,-1.683156089082169,-0.8009716888984751,2.84610725476509,0.09667010442422375,3,4,低
27.4,19.17,83.02,6,2,2,14945,1.301461604904866,0.5867792504649082,0.2903964266549853,0.7298702602316138,1,2,高
56.92,19.41,93.41,5,3,2,15232,0.6347804798199086,0.8525408621681548,1.2020370919775263,0.8937999575427948,1,2,高
83.54,12.57,36.23,5,1,1,2946,-1.6919666883687812,-1.3909560957124913,-1.001791556414102,-1.3646809157535158,0,1,紧急
26.82,19.32,62.59,6,3,2,24607,1.3523940776445529,-0.2148059690087115,1.67398469951662,0.9301444011899671,1,2,高
64.72,13.42,33.5,5,1,1,2567,-1.02166181441914,-1.498069539137013,-1.020870825028216,-1.181767257335185,0,1,紧急
67.04,14.72,60.21,6,2,1,18132,-0.7607705083249997,-0.30818691968649997,0.6598808320791013,-0.143306906323254,3,4,低
97.03,15.65,58.73,4,1,1,2278,-1.2702696921247898,-0.6500502349722629,-1.0354193966099543,-0.9846070087963225,0,1,紧急
17.53,20.89,81.86,8,2,2,13997,1.9645932611938988,0.825060334746738,0.24267308458063208,1.0172596078579252,2,3,中
40.57,19.27,71.37,6,2,2,14846,1.00230002490655,0.12968342046649095,0.2854126599193725,0.47385944750687053,1,2,高
53.16,17.88,75.23,17,1,1,1804,0.3530294633496384,1.8420028860924154,-1.059281067647131,0.391847422464413,1,2,高
63.44,19.07,81.44,14,1,1,2503,0.39142726599019023,1.6599648098922397,-1.024092654029016,0.35499318228972904,1,2,高
63.55,13.31,48.25,1,2,2,19163,-1.0198115109295132,-1.4869320367238192,0.5027350942389744,-0.6785707442064013,0,1,紧急
83.66,12.95,42.54,1,2,2,9690,-1.601991107976077,-1.7109678469633873,0.02585406104240514,-1.105720395449667,0,1,紧急
22.85,18.51,88.89,5,2,2,12276,1.2518701943913935,0.6751955272674813,0.15603608910598882,0.6989806581388791,1,2,高
84.4,14.74,56.21,1,3,2,25096,-1.1824524301347161,-1.1746159159695357,1.6986014867258594,-0.23656273839453246,3,4,低
100.0,12.48,55.26,6,3,1,14855,-2.118432789479086,-0.502403602818875,1.3921058949195806,-0.42511446571947414,3,4,低
88.96,13.97,56.53,6,2,1,8166,-1.4827953263563982,-0.45257427199501304,0.15818164736074294,-0.5987579853828892,0,1,紧急
84.84,13.21,43.93,4,2,1,6669,-1.5674065122305612,-1.230738499691283,0.08282105338890045,-0.9137986087530025,0,1,紧急
96.16,15.12,67.27,5,1,1,1890,-1.3784967744757495,-0.17308016754503316,-1.0549517349273057,-0.866811388638631,0,1,紧急
21.01,17.53,88.52,11,1,2,2068,1.0574362433083508,1.5120617870910877,-1.255038412418723,0.45336850779671517,1,2,高
97.07,15.67,62.73,6,2,1,12897,-1.266361829021419,-0.20931297191001833,0.3963452880292713,-0.3661795263754335,3,4,低
100.0,15.84,50.42,1,3,2,14826,-1.296786883111872,-1.401790581694071,1.1815986142537,-0.5207134371337483,3,4,低
38.82,19.36,74.33,6,3,2,72132,1.0673096747425186,0.2458210734102947,4.066444438001467,1.7726982892522223,2,3,中
64.62,16.83,53.58,7,3,1,24341,-0.18533181859704334,-0.4264223235962658,1.8696413621319374,0.4063087920181542,1,2,高
23.81,18.82,78.3,18,2,1,6804,1.3040875386096655,2.10435370973498,0.08961709893746339,1.1758510701039027,2,3,中
30.19,19.57,79.54,4,1,2,3896,1.3307202715925444,0.16644454805495404,-1.163014921583367,0.12236706617637982,3,4,低
70.84,14.63,57.95,4,3,1,23575,-0.876153083049642,-0.6806540759506975,1.8310800962786096,0.0759974040437501,3,4,低
39.22,20.46,69.89,14,3,2,35775,1.3264720306960163,1.2067925492500315,2.2361938601562574,1.584027795435987,2,3,中
17.52,20.78,79.61,6,3,2,24936,1.937939860844081,0.45298553541816117,1.6905469142238587,1.3570908671269735,2,3,中
98.16,14.13,51.63,4,2,1,14040,-1.669733188852077,-0.9286236592631439,0.45388514034043764,-0.7249982632613768,0,1,紧急
23.51,21.37,87.65,15,2,1,14736,1.935029740093753,2.0455157113197866,0.48892253072414,1.4987677313117074,2,3,中
43.54,18.57,72.63,15,2,1,10157,0.7581444837210094,1.4561955940171047,0.2584107339325122,0.8295047269531284,1,2,高
25.09,19.05,64.94,8,1,2,6675,1.3288787943429603,0.1611923996760745,-1.023117065439245,0.1657827179385319,3,4,低
76.48,14.93,47.55,3,3,1,37878,-0.9413788152497707,-1.2306025334034258,2.5511085368793203,0.1046991266348064,3,4,低
28.79,18.68,61.71,14,2,1,7197,1.147482943269278,0.8858445759120869,0.10940114264550219,0.7195463095056676,1,2,高
64.94,13.87,45.06,6,1,1,2760,-0.9170258268253468,-0.9026076771522534,-1.0111549969476776,-0.9429902286897331,0,1,紧急
98.25,14.79,48.24,5,1,1,1278,-1.510549951507637,-0.9197354160317187,-1.0857604747474576,-1.1725995650799814,0,1,紧急
37.17,20.58,75.05,9,2,2,17912,1.4061894522406613,0.6997625059957949,0.4397584054889577,0.8519901082443557,1,2,高
79.7,12.99,38.9,8,2,1,8714,-1.4949038615009247,-0.8605050606809037,0.18576855818009477,-0.7311087028988329,0,1,紧急
100.0,13.27,39.85,2,1,2,1823,-1.9252481864939375,-1.674614618238495,-1.2673719765624112,-1.625494517934411,0,1,紧急
33.11,18.72,74.52,16,1,2,3636,1.0511127175111525,1.6722482992563965,-1.1761036018991178,0.5310076327494481,1,2,高
65.54,18.56,98.67,15,1,1,2689,0.21511162238952128,2.477893054374084,-1.0147292134954404,0.5741426539678621,1,2,高
40.8,20.92,70.93,10,2,2,7771,1.4001352574752401,0.6800086929268904,-0.0707504679034638,0.6761669144739527,1,2,高
50.47,19.83,70.97,24,2,1,20982,0.8959766403265149,2.6681395423663994,0.8033529047709859,1.4621825543021485,2,3,中
14.71,18.98,96.82,13,2,2,27189,1.5668201763397078,2.121512532470345,0.9067725873705764,1.5374377261142984,2,3,中
11.93,18.74,77.01,5,1,2,1913,1.5764417836085016,0.20907548774978166,-1.2628412795300359,0.1865941703456352,3,4,低
96.23,15.81,35.41,5,3,1,24916,-1.2114859697976699,-1.42312936443341,1.8985874820610018,-0.2644952014523687,3,4,低
19.01,18.15,93.77,5,1,2,2187,1.2581937929954314,0.8666657118505093,-1.24904782412036,0.3055345020611134,1,2,高
22.06,19.92,91.11,16,2,1,4545,1.6160800353000648,2.323168455451569,-0.024103396575156665,1.3171011842765272,2,3,中
70.75,11.83,54.61,10,2,1,14997,-1.5586465107589156,0.039682173993484254,0.5020615521180283,-0.3459583000815559,3,4,低
54.0,13.92,46.2,1,2,2,7999,-0.6359795394225503,-1.567365208526116,-0.059272702088113034,-0.7606820745193281,0,1,紧急
21.7,22.06,80.5,8,3,2,34823,2.148236202718518,0.7716997915022875,2.1882691537693546,1.6979846646334025,2,3,中
10.33,17.0,71.8,6,1,2,2607,1.1902620356685567,0.1465547686981919,-1.2279045713026087,0.04723460082819053,3,4,低
23.07,18.17,68.97,6,1,2,1980,1.1633215790000382,0.035517755917460425,-1.2594684272948233,-0.009527432637486066,3,4,低
67.73,14.53,42.29,8,3,1,18516,-0.824187417383062,-0.7274960595053985,1.5764045819809802,-0.005690506929102335,3,4,低
62.77,18.63,84.49,6,1,2,4877,0.3002941244347535,0.6444557200011892,-1.1136303239304761,-0.04677335890473833,3,4,低
59.24,18.35,88.4,5,1,2,2129,0.31856335167993416,0.6559700374220544,-1.2519676066523353,-0.08205060075790943,3,4,低
84.73,13.54,51.33,6,3,1,25192,-1.484006208993588,-0.656599878517912,1.9124816196269525,-0.09348760446417426,3,4,低
39.07,19.43,85.92,5,1,2,1377,1.0782842581712655,0.5586655173880565,-1.2898240974117376,0.1280601308649409,3,4,低
63.88,17.96,70.17,12,1,1,1587,0.10917892219024683,0.933984054633558,-1.0702050816029691,0.0006897905307507446,3,4,低
69.57,14.19,64.69,-1,2,1,14470,-0.9525429295157105,-1.1256917233768229,0.4755318039395641,-0.5432777595562717,3,4,低
100.0,13.28,42.86,1,1,2,2472,-1.9228028117726068,-1.6984124250235164,-1.2347006168511716,-1.6219869723143332,0,1,紧急
100.0,13.35,46.93,8,1,1,1696,-1.9056851887232897,-0.5454424413772733,-1.0647179040859813,-1.172480408407163,0,1,紧急
12.9,19.97,86.0,11,1,2,2903,1.8533878806044024,1.4131878393146062,-1.2130036121739076,0.7012803830685904,1,2,高
73.95,14.59,35.41,2,2,1,4334,-0.9623539948148566,-1.8488210976542012,-0.03472536406216994,-0.9570452562219623,0,1,紧急
99.07,18.31,42.74,5,3,1,42249,-0.6699272195545963,-1.1355317306232466,2.7711493894183477,0.29994710067099883,1,2,高
38.48,17.91,67.14,6,2,2,3456,0.7210848740334997,-0.03628356330117509,-0.28797222006679074,0.13578233778298934,3,4,低
66.18,12.52,40.69,5,1,1,1588,-1.2776208907230582,-1.2159649024255434,-1.0701547405248317,-1.1889427225691325,0,1,紧急
35.71,19.59,73.27,6,1,2,4194,1.1999727062130219,0.20423123823447287,-1.148013280298391,0.09606812815193433,3,4,低
47.04,20.01,92.52,8,3,2,58612,1.0242758889046935,1.2433128281186803,3.3858330615824217,1.871175821293554,2,3,中
98.85,14.02,52.07,3,2,1,5167,-1.7135871001394913,-1.0532571985027521,0.0072087540263704245,-0.927926890043548,0,1,紧急
73.81,12.68,45.74,8,1,1,1704,-1.4259804644015577,-0.5921329167161674,-1.0643151754608813,-1.0268890686129222,0,1,紧急
49.0,18.7,83.87,5,1,2,1653,0.6557703697850641,0.4782323455857598,-1.275929959845787,-0.036426191365118765,3,4,低
36.68,20.31,92.23,12,1,2,1985,1.3522046924210418,1.7995234546133945,-1.2592167219041357,0.6478027819621236,1,2,高
60.46,20.24,78.74,6,1,2,-403,0.75076114066311,0.4188504820191376,-1.3794312164964937,-0.05838498449994162,3,4,低
29.7,18.11,82.48,6,2,2,15926,0.9857359199345365,0.5655919759413768,0.3397810243078761,0.6328260932833267,1,2,高
34.24,21.26,89.51,5,2,2,7061,1.6444713576442496,0.6995216572759809,-0.10649263338109118,0.7531278015405736,1,2,高
45.53,19.6,73.17,5,2,2,12325,0.9611194846383652,0.05841042447133307,0.15850280193472646,0.3944818115248915,1,2,高
53.5,15.3,44.23,1,1,2,41,-0.286231748637733,-1.6446595248434452,-1.3570797778034422,-1.094088127459889,0,1,紧急
97.62,11.48,37.62,7,3,1,5471,-2.30448852442436,-1.052623992847317,0.919705217677249,-0.8275010972314409,0,1,紧急
9.7,19.57,90.89,7,3,2,60650,1.8342037988944582,1.037461403205534,3.488428178826654,2.107601054248583,2,3,中
85.79,14.89,47.57,9,2,1,11574,-1.17992710960512,-0.3784343530906016,0.3297440416533544,-0.4158716767445618,3,4,低
21.95,19.8,90.58,6,2,2,3651,1.5894384760771434,0.8834010937943537,-0.2781557098299776,0.7403310857903312,1,2,高
93.14,12.02,43.48,1,1,2,773,-2.0623550194718723,-1.674086295015017,-1.3202301086067898,-1.6886888758297107,0,1,紧急
20.24,20.04,81.43,15,1,1,1859,1.6901458603937858,1.8014696973635493,-1.0565123083495682,0.8283678606387139,1,2,高
13.73,20.69,86.54,19,1,1,2287,2.009059968999942,2.5695530690935815,-1.0349663269067166,1.2011198101993423,2,3,中
35.79,17.21,73.17,17,2,1,19478,0.6160077498576632,1.7611773573544975,0.7276399232521809,1.0380334029269165,2,3,中
65.71,15.06,63.55,8,2,1,9981,-0.6449467970183136,0.1066547856247611,0.24955070418031153,-0.0990920545318604,3,4,低
45.89,18.43,71.92,12,3,2,17533,0.6661646651890177,1.0026465183672257,1.3178719127719214,0.9927961633021631,1,2,高
76.39,16.97,40.36,8,3,1,22425,-0.4403108778348429,-0.8032209480802437,1.7731878564204808,0.16222482136012945,3,4,低
99.61,15.58,66.57,1,1,2,997,-1.3507834840583888,-0.7681341306662219,-1.308953707103989,-1.140961904870096,0,1,紧急
60.06,13.43,46.61,1,1,1,5343,-0.9047101811703849,-1.5512785741656567,-0.8811239921185067,-1.114630587898966,0,1,紧急
81.16,11.73,44.93,5,3,1,8494,-1.8388964277727586,-1.0496055617222564,1.0718862968869216,-0.620226904824505,0,1,紧急
76.44,17.95,53.93,1,2,2,7748,-0.2018927630685193,-1.2640732972911144,-0.07190831270062635,-0.5168784789697215,3,4,低
100.0,14.92,53.42,1,3,2,26647,-1.5217613574743236,-1.2840835010077833,1.776680498917127,-0.361852327339216,3,4,低
49.01,19.36,85.59,5,2,2,13777,0.816919379808087,0.5457177385125648,0.23159804739038134,0.5339965926995633,1,2,高
67.84,13.62,39.45,6,2,1,9834,-1.0494194544572335,-1.1227199180356116,0.2421505656940985,-0.6512355645370258,0,1,紧急
93.35,12.16,26.51,6,1,1,1440,-2.033279926654517,-1.630429792729133,-1.0776052200891821,-1.5847896940893176,0,1,紧急
73.52,15.73,72.54,1,3,2,9032,-0.6730152484357426,-0.5338970401005086,0.8899224075250054,-0.11448347744343423,3,4,低
100.0,15.28,51.75,9,3,1,39691,-1.4337278675064078,-0.21442915400104054,2.642376911542614,0.31121165358834946,1,2,高
41.04,18.86,83.87,8,1,2,2792,0.8904907468453076,0.903924078806551,-1.2185914718471706,0.20450286855058292,1,2,高
17.05,20.44,81.46,8,2,2,17455,1.8663460348054985,0.8093660573218994,0.4167525327801187,1.0359599290616235,2,3,中
73.66,13.63,55.73,1,1,2,4020,-1.1899840421027705,-1.193449048879342,-1.1567726278943165,-1.1802770471005284,0,1,紧急
100.0,14.23,37.68,5,3,1,18887,-1.690492213246162,-1.334064340047452,1.595081121969994,-0.4948236692811976,3,4,低
51.95,19.6,86.43,6,1,2,3827,0.8033662271821285,0.720572965511656,-1.1664884559748545,0.13057019489965888,3,4,低
87.62,14.48,34.35,5,2,1,17333,-1.325154523202263,-1.4647191996092315,0.6196583106472361,-0.7354054292694052,0,1,紧急
61.44,15.33,61.83,6,2,1,6722,-0.47399856282304204,-0.24462509611590463,0.08548913053018811,-0.2136135150303099,3,4,低
12.67,20.99,79.6,16,3,1,32762,2.108467698631088,1.8715656225518438,2.293563581127853,2.089323745788314,2,3,中
32.47,18.66,91.92,7,1,2,1866,1.052166650611826,1.077874167574493,-1.2652073102024985,0.30211606776025385,1,2,高
24.23,19.77,72.81,16,1,2,1799,1.526077830573552,1.6051552632652126,-1.2685801624377113,0.6377302585901155,1,2,高
53.57,14.85,40.31,6,2,1,11083,-0.39799366219138754,-1.0889772215722093,0.30502657228784025,-0.4004192585775873,3,4,低
16.0,17.45,64.81,6,1,2,1524,1.1609797595339246,-0.12770272930085858,-1.2824239589255249,-0.0727717843567171,3,4,低
31.72,19.1,72.0,8,1,2,5054,1.1781922572121,0.4381963962244719,-1.104719953100138,0.18167967759529863,3,4,低
0.0,19.15,66.6,18,3,1,32462,1.9698479978766708,1.6452960950584572,2.278461257686602,1.9616394537601294,2,3,中
80.24,11.4,43.4,3,2,1,3537,-1.8969874077729838,-1.3934306616861243,-0.0748472033377601,-1.1309189186370276,0,1,紧急
58.61,13.94,43.11,6,1,1,929,-0.7443664405831985,-0.9791172795983406,-1.1033295110174461,-0.940910176759191,0,1,紧急
96.65,16.5,48.58,6,1,1,18,-1.0530754205883892,-0.7644980358136758,-1.1491902332007118,-0.9874047135608215,0,1,紧急
45.45,20.54,84.11,7,1,2,2210,1.1929504811220604,0.7714434008545233,-1.2478899793231975,0.25193952681664766,1,2,高
23.74,17.75,88.15,6,1,2,6554,1.0441524945210086,0.7880583584384608,-1.029208335893883,0.2791336363040379,1,2,高
72.26,19.63,85.03,7,3,2,21834,0.31164181257101725,0.8075402389316517,1.5343888898413236,0.8788921985109412,1,2,高
8.63,20.23,61.13,8,2,2,3261,2.0218907400783435,0.011704407204489148,-0.2977887303036039,0.5857796593065554,1,2,高
31.97,19.05,59.75,6,1,2,1954,1.159822343984875,-0.3262353387250641,-1.2607772953263983,-0.13290198416210297,3,4,低
12.19,17.7,75.31,5,1,2,2698,1.3157340513846856,0.14237480869421845,-1.223323533192096,0.08948475841455983,3,4,低
19.85,18.9,73.39,17,1,1,3855,1.420956283970141,1.7698092099381586,-0.9560315163871117,0.7601627617637386,1,2,高
55.55,18.8,74.31,18,2,1,4685,0.5192764789394415,1.9478032924222173,-0.017055645635906246,0.8245411447299119,1,2,高
100.0,15.23,54.2,8,2,1,13998,-1.4459547411130624,-0.2601989491808358,0.4517708150586625,-0.42550356815272705,3,4,低
63.56,15.4,58.51,2,3,1,28175,-0.5089739157561582,-0.9424765763697848,2.062649055711125,0.18704871802157247,3,4,低
16.41,19.21,73.48,17,1,2,3655,1.5812911255104454,1.7733404223587474,-1.175147121414505,0.7434842797138406,1,2,高
11.71,19.03,70.34,5,3,2,22800,1.6527635253932027,-0.05262658830939834,1.5830183713221517,1.055874832723361,2,3,中
100.0,14.87,42.73,7,3,1,5517,-1.5339882310809787,-0.8521295987450068,0.922020907271574,-0.500373702064499,3,4,低
26.74,17.24,69.23,9,2,2,17053,0.845721908286288,0.4714107694643967,0.3965154193688423,0.5726550115186795,1,2,高
40.64,19.64,68.4,6,1,2,2787,1.0910588385020374,0.013153410587066011,-1.218843177237858,-0.028034466336381236,3,4,低
100.0,14.93,33.07,1,1,2,1833,-1.5193159827529925,-2.0825298649964354,-1.2668685657810363,-1.6262495352600375,0,1,紧急
30.13,18.38,68.3,17,3,1,59552,1.0411950092630928,1.57009952970709,3.6422010644315685,2.0707951232272905,2,3,中
36.78,19.56,78.82,5,1,2,3399,1.1663443724729892,0.28009209309717487,-1.188034437417706,0.09720213691309343,3,4,低
76.2,14.88,59.26,1,1,2,971,-0.9467254844813872,-1.0549470506051433,-1.3102625751355643,-1.1021755136551423,0,1,紧急
57.07,13.45,37.0,8,1,1,165,-0.8263486778657062,-0.9350528784488858,-1.1417900947144988,-0.9662147310294857,0,1,紧急
32.28,21.01,62.71,6,1,2,1813,1.6314984202362433,-0.2100976857812601,-1.2678753873437862,0.06234590628056813,3,4,低
96.03,11.88,35.78,0,1,2,1203,-2.167603803584295,-2.118098379850086,-1.2985834450076634,-1.8664240090379156,0,1,紧急
38.0,19.3,74.77,20,1,1,3173,1.0727865963700023,2.249646200274642,-0.9903641316768889,0.793459493470899,1,2,高
82.44,14.48,69.06,3,2,1,8286,-1.1978707422640533,-0.386642764882742,0.16422257673724336,-0.47885503495573745,3,4,低
47.94,19.34,90.17,25,1,1,2937,0.8383208399414646,3.563362103165572,-1.0022446261173394,1.1530037997736045,2,3,中
93.5,14.1,47.39,1,2,2,5443,-1.5625630544886464,-1.520674733187222,-0.18794449780757158,-1.0984153322179846,0,1,紧急
7.19,19.12,63.97,9,1,2,2344,1.7858380542250862,0.26503102132777184,-1.241144274852772,0.282888095092752,1,2,高
88.2,17.31,54.92,7,2,1,17394,-0.6473653289853141,-0.37384649422305716,0.6227291164136238,-0.13946907166638878,3,4,低
22.15,19.58,100.26,10,1,2,905,1.530725800511405,1.8307915851031642,-1.3135850862926395,0.7005092246740671,1,2,高
15.46,20.53,77.37,11,3,2,28564,1.9274241392843023,1.0745838038737183,1.873184345706721,1.6225900989015969,2,3,中
32.68,19.94,101.33,15,1,1,3064,1.3600144616609149,2.5822599992492585,-0.9958513091938767,1.0001304204342092,1,2,高
61.98,12.73,42.25,2,1,1,1812,-1.1230649559495316,-1.5804489536894648,-1.0588783390220309,-1.2560111763670767,0,1,紧急
35.84,20.59,90.72,7,1,2,4052,1.4413157977434248,1.0307913352999776,-1.1551617133939163,0.4530464327837223,1,2,高
31.33,21.42,78.6,6,2,2,13771,1.7551023343689798,0.41335748492044416,0.23129600092155633,0.8045638961176057,1,2,高
82.7,13.52,49.18,1,3,2,14593,-1.4390154767172216,-1.4504428417110702,1.1698691430476618,-0.5887179664440889,3,4,低
16.91,18.89,88.0,5,2,2,4484,1.4907530551867136,0.6402757599972159,-0.23622159174143734,0.6390640832256639,1,2,高
100.0,14.4,42.33,7,2,1,11274,-1.6489208429835351,-0.867823876169845,0.3146417182121034,-0.7431276466800295,0,1,紧急
56.27,15.89,62.97,4,1,1,1523,-0.21001951907511954,-0.48369089426897605,-1.0734269106037693,-0.5848185191172106,3,4,低
73.31,15.44,67.62,7,2,1,22422,-0.738770962073063,0.12444681401556151,0.8758440572889907,0.08042026637727162,3,4,低
89.43,13.12,40.32,7,2,1,5309,-1.702201092156205,-0.9466876202296579,0.014357187121895855,-0.8858883535288494,0,1,紧急
51.59,19.59,88.75,19,2,1,15799,0.809766829514418,2.656263951865813,0.542435096784306,1.3437954297821137,2,3,中
37.51,17.94,81.58,5,1,2,845,0.7522559919253045,0.3883826073285598,-1.3166055509808896,-0.04756956317376615,3,4,低
41.13,19.71,81.4,19,1,1,2843,1.096136103895037,2.367881604184408,-1.0069766874622648,0.8356651962637627,1,2,高
23.37,18.85,80.14,5,1,2,4496,1.3222354125058617,0.3318832085991418,-1.1328102747008648,0.185093771831906,3,4,低
31.26,20.6,81.49,5,1,2,3637,1.5563016583135978,0.38485139490797105,-1.1760532608209802,0.2674097531819884,1,2,高
77.69,13.1,46.12,9,1,1,370,-1.4186147010169012,-0.4353261087556407,-1.1314701736963106,-0.9936176642699168,0,1,紧急
19.97,19.5,58.02,17,1,1,2274,1.5647301082321277,1.1667565998887441,-1.0356207609225043,0.5794174108044917,1,2,高
83.94,16.69,41.32,7,1,1,2902,-0.6943011665733229,-0.9074519266675618,-1.0040065638521523,-0.8674471906923498,0,1,紧急
84.81,13.14,38.31,6,3,1,18748,-1.5837869705254097,-1.167448608696401,1.588083712108881,-0.40517789780270586,3,4,低
2.47,17.41,78.3,8,1,2,3794,1.483659564913847,0.6853812656656764,-1.1681497115533923,0.3467522043045579,1,2,高
91.42,16.26,44.96,0,3,2,31765,-0.9832520250380088,-1.7579147129500454,2.0343261368248693,-0.25606292520582974,3,4,低
42.79,18.75,80.81,12,1,2,1562,0.8205903475666771,1.3514518341342587,-1.2805109979562996,0.3113877604949697,1,2,高
27.42,18.44,78.91,21,1,1,2482,1.1224578070780575,2.5539792160286496,-1.0251498166699036,0.9012018113124345,1,2,高
48.44,18.27,79.78,9,1,2,4948,0.5643796655179082,0.8853473365445089,-1.1100561073827133,0.1242139005588993,3,4,低
72.99,13.0,43.57,1,2,2,13935,-1.327579303363496,-1.6705550825944284,0.23955193773610686,-0.9299530341795574,0,1,紧急
100.0,15.76,60.36,4,3,1,52993,-1.31634988088252,-0.5860960544660464,3.312013932927684,0.44478001897819575,1,2,高
18.22,17.8,60.44,6,3,2,4230,1.1920176829498483,-0.299162710167218,0.6481845503087144,0.51201894253987,1,2,高
80.2,15.85,58.21,1,1,2,943,-0.8078127704414003,-1.0961445288453437,-1.3116721253234143,-1.0698312515279123,0,1,紧急
100.0,11.34,40.54,7,1,1,2770,-2.3972055077108196,-0.9380557676459969,-1.0106515861663026,-1.452083401144038,0,1,紧急
53.23,13.19,35.15,4,1,1,2300,-0.7955713320483574,-1.575227889166485,-1.0343118928909292,-1.1361760735509283,0,1,紧急
87.4,15.73,38.1,2,3,2,37625,-1.014076808169787,-1.7432770819721628,2.329324854710639,-0.1649105045354956,3,4,低
74.67,13.95,60.26,2,2,2,8174,-1.1365499310872818,-0.8738141126361169,-0.05046301341404994,-0.6925270941561059,0,1,紧急
76.99,14.87,55.24,3,3,1,19776,-0.9685828644037193,-0.9288800499109079,1.6398343404342346,-0.10122736858195724,3,4,低
77.89,13.45,59.88,3,2,1,9656,-1.3379410174667727,-0.7468264317827827,0.23318985378562293,-0.6245795362312317,0,1,紧急
36.97,20.49,86.18,4,2,2,1245,1.3890955114451384,0.42696955330727115,-0.3992763438288107,0.47972295917167707,1,2,高
83.15,13.76,33.33,6,1,1,2355,-1.3913839547223037,-1.362842362635639,-1.0315431335933665,-1.2639652885549997,0,1,紧急
92.66,16.97,41.18,5,3,1,37946,-0.8400998963415357,-1.1967394125801163,2.5545317301926707,0.15124731236421562,3,4,低
70.16,18.54,69.9,8,1,2,3487,0.09669750075872677,0.3558014397440707,-1.1836044225416056,-0.23525361201101397,3,4,低
71.87,11.74,45.91,5,1,1,1602,-1.608175700751048,-1.0111545820314025,-1.0694499654309066,-1.230833581319814,0,1,紧急
76.81,11.11,44.11,6,2,1,5584,-1.8836207710973631,-0.9398815860362447,0.028200983609709275,-0.9400201483856312,0,1,紧急
0.0,18.37,74.61,6,1,2,339,1.7791087696128538,0.2568070676076815,-1.3420781365184662,0.24481327963217775,1,2,高
95.44,14.56,38.29,2,2,1,5553,-1.4977458047630432,-1.7358223001953648,0.026640410187446652,-1.0788038539961837,0,1,紧急
37.85,20.72,72.54,15,1,2,3408,1.423715630571345,1.4526643815965166,-1.1875813677144684,0.5785262153827622,1,2,高
90.02,14.7,59.77,2,1,2,2430,-1.3303294596904527,-0.8930396024815436,-1.2368149421329466,-1.1525160964230097,0,1,紧急
53.7,19.17,70.85,6,2,2,11415,0.6552138368209061,0.1092808598142006,0.11269242082959843,0.29382588436108414,1,2,高
72.25,14.38,42.02,5,1,1,2447,-0.9719341945429315,-1.1637814299879556,-1.0269117544047162,-1.0545117709504699,0,1,紧急
38.32,17.38,103.66,25,1,2,1211,0.5954115591601216,4.092651609318246,-1.2981807163825634,1.1526647797260958,2,3,中
88.33,15.29,45.62,6,2,1,8836,-1.1445254032968712,-0.8806356887574799,0.19191016971287017,-0.6181504555385382,0,1,紧急
35.76,18.06,81.06,7,2,2,24640,0.8246017659252655,0.651774535490131,0.7784531791980803,0.7513171354288162,1,2,高
100.0,15.73,57.85,5,3,1,56713,-1.323686005046513,-0.5426804008999767,3.4992827435991964,0.5182408395795418,1,2,高
83.06,17.29,59.44,7,3,1,40223,-0.5259551838290576,-0.19650115932238357,2.6691583651117656,0.631017277189597,1,2,高
91.55,13.2,49.06,7,3,1,12157,-1.7347310703679901,-0.6037676584969393,1.2562856661045965,-0.37478210285097663,3,4,低
61.47,14.74,63.79,4,3,1,50396,-0.619012836136039,-0.45151762554805736,3.1812781530045875,0.6815763909366785,1,2,高
34.18,19.97,80.95,7,3,2,45939,1.3304923481014876,0.6474586091983003,2.747860578345842,1.5646189930556422,2,3,中
27.99,17.55,92.82,7,2,2,8094,0.8908133265446996,1.113186291780379,-0.05449029966505021,0.656175973628788,1,2,高
43.72,19.04,76.06,5,3,2,34042,0.8686541070967554,0.17180157886579037,2.1489527717439643,1.053252858673298,2,3,中
75.41,13.44,50.13,1,2,2,2635,-1.2794474391520494,-1.413168932827079,-0.32930224521768103,-1.0133838436934033,0,1,紧急
24.0,19.43,93.89,6,2,2,22716,1.4485866864992227,1.0132712394848913,0.6815969448615238,1.0509433653458968,2,3,中
80.41,13.54,42.55,1,3,2,35863,-1.3778544843501388,-1.7105754900277663,2.240623875032358,-0.30516901074715763,3,4,低
45.91,18.99,76.93,5,1,2,1195,0.8026142064139076,0.2059366322648141,-1.2989861736327635,-0.08629459730608141,3,4,低
26.87,17.85,79.29,6,1,2,1843,0.9916953856847831,0.4404301134782908,-1.2663651549996613,0.06684812091281178,3,4,低
75.85,15.02,55.65,3,3,1,19247,-0.9038899829139554,-0.9127934155504487,1.6132039100994953,-0.08279500502821746,3,4,低
100.0,16.22,45.97,1,1,2,1295,-1.2038626437012945,-1.5763894180453983,-1.293952065819013,-1.3587546258778855,0,1,紧急
34.37,19.61,72.05,7,2,2,18425,1.2377901480219387,0.2982609364956462,0.46558337857349696,0.6687145318447771,1,2,高
13.94,20.07,81.25,5,1,2,1158,1.852286582996142,0.3754348284530682,-1.3008487935238509,0.3228302055507339,1,2,高
37.04,20.66,67.28,10,2,2,8023,1.428946830614006,0.5367984114252399,-0.05806451621281295,0.6417944204320009,1,2,高
6.44,18.54,86.8,6,1,2,1600,1.6624354392495984,0.735090172129631,-1.2785980369870744,0.38739114922189005,1,2,高
5.88,17.96,84.43,5,1,2,3259,1.5343641141624778,0.5002043339805337,-1.1950821883569565,0.29263806701091144,1,2,高
43.08,19.08,75.36,5,2,2,6146,0.8941617874107385,0.1443365933723231,-0.15255471987690675,0.2990687714606649,1,2,高
65.35,18.73,80.85,19,1,1,4007,0.26135170276378206,2.346301972725255,-0.948379672510211,0.5671064865374171,1,2,高
61.69,14.75,60.14,6,1,1,3647,-0.6219733362808096,-0.3109334182358467,-0.9665024606397123,-0.6300718731953963,0,1,紧急
73.66,13.99,38.75,0,1,2,1834,-1.101950552134855,-2.001568369970661,-1.2668182247028987,-1.458749807161649,0,1,紧急
49.8,19.94,92.26,7,2,2,17871,0.9393391084442841,1.0912143033856057,0.4376944212853201,0.8262245139763449,1,2,高
